,h3_index,h3_address,latitude,longitude,geometry,08:00,09:00,10:00,11:00,12:00,13:00,14:00,15:00,16:00,17:00,18:00,19:00,20:00,21:00,22:00,23:00
0,1,876520c18ffffff,1.290950252612031,103.6287058964396,"POLYGON ((103.64169005775774 1.2873769441504466, 103.63852421381186 1.300434136790219, 103.62553931115505 1.3040080908200844, 103.61572068161026 1.2945237746779366, 103.61888770915346 1.2814663854422002, 103.63187218286231 1.2778935087518775, 103.64169005775774 1.2873769441504466))",12.326084,5.1902556,9.391261,14.29386,37.91628,31.855322,32.786774,36.069042,86.242645,36.048134,107.84753,62.45464,60.929604,25.99034,16.809061,4.5054207
1,3,876520c82ffffff,1.4154944308718704,103.7075866816093,"POLYGON ((103.72057022657783 1.4119152767301706, 103.7174074765655 1.4249797243094533, 103.70442318829011 1.428559523907614, 103.69460207486549 1.4190737939958327, 103.69776601216331 1.4060091394843603, 103.71074987581753 1.4024304216247523, 103.72057022657783 1.4119152767301706))",14.167109,15.209727,21.488907,28.172117,46.74849,96.95553,120.857925,90.12682,327.1714,321.1414,394.53622,512.8694,495.7461,33.056507,33.802418,11.697658
2,7,876520d99ffffff,1.3264015173915378,103.76549542262585,"POLYGON ((103.77847131144851 1.3228268937153145, 103.77531258687033 1.335882862500946, 103.76233595412299 1.3394581377316632, 103.75251846714404 1.329976356569883, 103.75567838039409 1.3169201785387707, 103.76865459216745 1.313345990722474, 103.77847131144851 1.3228268937153145))",973.63635,534.8907,245.65514,272.00946,359.8018,442.27454,426.55368,371.38812,449.16946,623.614,790.3696,659.44415,307.36548,267.39496,164.66539,65.13695
3,9,876520d81ffffff,1.2706139747617604,103.79110322041952,"POLYGON ((103.80407506487525 1.267042182687771, 103.80091828010843 1.2800931115256649, 103.78794569153153 1.283665558399708, 103.7781303072572 1.2741859861099638, 103.78128828118618 1.2611348474898654, 103.79426045044312 1.257563490749041, 103.80407506487525 1.267042182687771))",288.25046,93.83793,45.25874,92.2938,171.47353,129.26543,135.89128,131.1687,202.7354,243.77449,311.16238,397.1254,112.532135,57.255123,61.13934,15.415363
4,10,876520ca0ffffff,1.3371266791907517,103.72656136100385,"POLYGON ((103.73954044620316 1.3335514106898634, 103.73637949048889 1.3466093317258558, 103.72339966200339 1.350185249367376, 103.71358121274734 1.340702161511573, 103.71674335584503 1.3276440342212938, 103.72972276103219 1.324069200848668, 103.73954044620316 1.3335514106898634))",599.7049,279.9063,193.5208,192.81528,292.96716,279.58008,257.179,268.99857,274.4916,187.467,502.6501,328.65344,204.06337,128.49214,101.40461,48.77415
5,11,876520c12ffffff,1.3086787723994355,103.69710772080288,"POLYGON ((103.71008776365164 1.3051048079733312, 103.70692547558666 1.3181613981725244, 103.69394469010263 1.321736011161814, 103.68412661786236 1.3122529513782275, 103.68729009206783 1.2991961582570106, 103.7002704525903 1.2956226276488272, 103.71008776365164 1.3051048079733312))",32.065525,9.838885,29.94688,51.771187,29.242655,73.294556,57.763287,136.99892,159.83148,301.4005,247.28064,207.59532,110.07688,49.421825,16.22131,7.0165834
6,12,876520c1affffff,1.313492423052968,103.63535807098395,"POLYGON ((103.64834266069616 1.3099180366214154, 103.64517696052282 1.3229767700210442, 103.63219162925101 1.3265518015997146, 103.62237242698568 1.3170670220373648, 103.62553931115505 1.3040080908200844, 103.63852421381186 1.300434136790219, 103.64834266069616 1.3099180366214154))",10.523396,3.8935838,6.6358194,17.430252,26.31871,32.12054,32.711792,42.764675,57.618973,33.802364,95.17756,125.66261,41.50045,29.95569,9.316463,0.8240958
7,14,876520c1cffffff,1.2743208464719205,103.6448556028446,"POLYGON ((103.65783796789539 1.2707483991629085, 103.65467316435945 1.2838038498541515, 103.64169005775774 1.2873769441504466, 103.63187218286231 1.2778935087518775, 103.63503817044614 1.2648378605776014, 103.64802084909542 1.2612658450921708, 103.65783796789539 1.2707483991629085))",190.72878,54.825474,65.59101,85.22544,173.62445,168.32825,118.549805,96.09609,63.24171,109.02061,331.04196,70.846664,50.823124,122.91148,77.60239,20.085085
8,15,876520d82ffffff,1.299051408114956,103.82054875855754,"POLYGON ((103.83351962398848 1.295478307425089, 103.83036417616988 1.3085305652330137, 103.81739256597116 1.3121043213006798, 103.80757682146245 1.3026247273489049, 103.81073345967906 1.2895722564279495, 103.82370465222179 1.2859995923792649, 103.83351962398848 1.295478307425089))",370.57156,203.66443,101.48345,85.535164,103.89256,99.728264,124.3895,135.25774,154.57594,305.93655,287.2633,93.68887,102.7221,105.69904,100.35577,40.066204
9,22,876526ac3ffffff,1.3344752827101356,103.95724013927196,"POLYGON ((103.97020253534912 1.3309008672958413, 103.96705424746357 1.3439518022290973, 103.95409110407412 1.3475268789823043, 103.94427665846267 1.3380499185656511, 103.94742614175246 1.3249987578933569, 103.96038887546295 1.3214247831844887, 103.97020253534912 1.3309008672958413))",207.43953,94.95075,65.21615,80.90741,130.47458,100.89421,127.956116,144.89287,221.65366,363.3638,292.69217,365.8768,175.9649,120.201645,87.35534,30.097403
10,23,876526adeffffff,1.379534338484916,103.97057188982868,"POLYGON ((103.98353510381529 1.3759577175196456, 103.98038711497819 1.389011708307291, 103.96742315324207 1.3925889897791597, 103.95760758956119 1.383111177807305, 103.9607567745932 1.3700569588201732, 103.97372032732454 1.36648077981233, 103.98353510381529 1.3759577175196456))",124.18293,36.03084,39.681908,86.15447,87.01531,105.38977,85.26605,83.3729,148.60023,208.76733,245.47195,152.10931,72.138885,33.755768,23.722504,7.800006
11,24,876520cadffffff,1.319401950750233,103.65816123651842,"POLYGON ((103.671144456033 1.31582734434885, 103.66797994070448 1.3288858778212336, 103.65499597919747 1.3324611303687082, 103.64517696052282 1.3229767700210442, 103.64834266069616 1.3099180366214154, 103.66132619491715 1.3063438633041449, 103.671144456033 1.31582734434885))",101.87465,17.654922,20.873634,53.27353,56.47982,100.14613,86.47446,74.98689,187.27045,223.1431,538.107,208.33594,160.90295,60.93649,33.745007,7.9398546
12,26,87652635dffffff,1.4675638200554353,103.82825359585568,"POLYGON ((103.84123060161896 1.4639824344793546, 103.83807394791846 1.4770473293429423, 103.82509619648327 1.4806293649457694, 103.81527551659636 1.4711454151626169, 103.81843336219295 1.4580803015846902, 103.83141069599597 1.4544993563124489, 103.84123060161896 1.4639824344793546))",56.35431,47.101894,106.88192,116.00058,84.91195,75.96935,89.75254,77.563675,225.31529,138.83052,160.7277,77.26104,83.02784,52.938522,71.000145,30.241024
13,27,876520cb2ffffff,1.4106626189306022,103.76933398999736,"POLYGON ((103.78231295242928 1.4070838686539529, 103.77915362303837 1.4201461629826848, 103.76617391623019 1.4237255621345428, 103.75635395999393 1.4142415801971606, 103.75951447880466 1.4011790738290848, 103.7724937646482 1.397600761245646, 103.78231295242928 1.4070838686539529))",20.365349,6.8267455,6.4352098,13.069009,8.105663,24.146475,16.105875,22.647144,26.254103,27.743954,50.399868,33.784107,10.920896,5.546955,4.7648606,1.5022703
14,28,876526363ffffff,1.3950963013011086,103.86998158389156,"POLYGON ((103.88295270866693 1.3915186038560587, 103.87979904280412 1.4045767678968626, 103.86682717195733 1.4081551200418196, 103.85700938217177 1.3986742134246968, 103.86016424085615 1.3856158292553342, 103.87313569671942 1.3820385716395747, 103.88295270866693 1.3915186038560587))",310.5745,170.59897,131.46007,114.050224,115.87318,98.41004,111.69436,90.240425,102.459076,145.79579,165.89165,98.31543,65.18877,51.470676,36.816708,18.140135
15,29,876520d9bffffff,1.3489399242315765,103.77215356331148,"POLYGON ((103.7851298725534 1.3453642125124379, 103.78197129413532 1.3584217147148556, 103.76899424074873 1.3619980775689935, 103.75917618663568 1.352515850404935, 103.76233595412299 1.3394581377316632, 103.77531258687033 1.335882862500946, 103.7851298725534 1.3453642125124379))",458.80176,363.94858,177.20683,174.31812,188.43289,179.80447,190.43834,224.70432,41.287014,308.88522,499.0025,325.3742,162.9531,134.34024,101.396355,48.47022
16,31,876526af1ffffff,1.3071311023366294,104.01222894900064,"POLYGON ((104.02518624611226 1.3035582394087417, 104.02204124853384 1.316605421210694, 104.00908320328486 1.3201789492808111, 103.99927056219119 1.310704188735333, 104.00241675686986 1.2976567773481607, 104.01537439575458 1.2940843558993478, 104.02518624611226 1.3035582394087417))",14.845953,20.040045,32.418293,95.3921,96.595436,273.99918,167.30933,193.39719,567.59485,635.0979,152.90482,380.66797,54.49931,-1.1368996,1.0895147,-0.13321777
17,33,876526344ffffff,1.4176360202889793,103.87664507781606,"POLYGON ((103.88961661701941 1.4140572276881822, 103.88646309917345 1.427116912811558, 103.87349081367931 1.43069635969269, 103.8636724608933 1.421215026522301, 103.86682717195733 1.4081551200418196, 103.87979904280412 1.4045767678968626, 103.88961661701941 1.4140572276881822))",13.125328,10.902444,19.239452,22.878452,25.544378,41.423153,38.24308,46.7715,73.738686,118.285164,81.770256,31.415842,15.163167,28.380213,35.280018,14.762515
18,34,876526ac9ffffff,1.3167663063487602,103.88890177508308,"POLYGON ((103.90186842352671 1.313192549921627, 103.89871655192294 1.326244155761029, 103.88574915743565 1.3298185705483503, 103.87593404843454 1.3203402822679917, 103.8790871129454 1.3072884570011563, 103.89205409376471 1.3037151392497182, 103.90186842352671 1.313192549921627))",538.3014,322.99976,141.19342,109.64936,148.61414,142.78688,141.54735,70.00868,204.69318,362.12045,493.95178,335.843,189.08609,161.54341,154.49016,64.762764
19,36,876520cb3ffffff,1.4047575976459812,103.74653412637758,"POLYGON ((103.75951447880466 1.4011790738290848, 103.75635395999393 1.4142415801971606, 103.74337286361978 1.4178207518910597, 103.73355270856804 1.4083363321339033, 103.7367144159557 1.395273615836732, 103.74969509003486 1.391695529033676, 103.75951447880466 1.4011790738290848))",426.48944,201.42896,221.89105,196.36925,216.37373,220.269,246.58615,200.98854,277.17834,469.4344,357.26398,151.19472,148.34578,126.87405,87.19838,35.67169
20,39,876526371ffffff,1.4235376793206156,103.89943430596294,"POLYGON ((103.91240443285284 1.4199586597812424, 103.90925210906018 1.4330181214397166, 103.89628123545495 1.4365977962549257, 103.88646309917345 1.427116912811558, 103.88961661701941 1.4140572276881822, 103.90258707730807 1.4104786492811527, 103.91240443285284 1.4199586597812424))",745.2103,379.1651,311.84344,239.21019,309.71298,297.8255,155.76273,171.20763,226.81255,231.80196,273.15152,189.38075,175.54604,140.07309,63.47738,17.04295
21,41,876520ca5ffffff,1.3145869994915422,103.71990519999032,"POLYGON ((103.73288386211159 1.3110128156796075, 103.72972276103219 1.324069200848668, 103.71674335584503 1.3276440342212938, 103.70692547558666 1.3181613981725244, 103.71008776365164 1.3051048079733312, 103.72306674520632 1.3015310586604982, 103.73288386211159 1.3110128156796075))",25.94541,6.033816,8.019512,32.5909,22.871933,52.205936,48.543526,106.747025,115.49597,192.78119,279.13434,240.55595,96.56046,79.19839,23.868229,7.8070793
22,42,87652636effffff,1.3891933017921934,103.84719170903382,"POLYGON ((103.86016424085615 1.3856158292553342, 103.85700938217177 1.3986742134246968, 103.84403610470349 1.4022523396658193, 103.83421810244873 1.3927709886892765, 103.83737415311795 1.379712386498886, 103.8503470142723 1.3761353531139449, 103.86016424085615 1.3856158292553342))",188.60101,92.30759,45.5147,53.500328,77.64229,57.654503,47.754166,59.372776,79.01477,158.92961,270.21527,102.58627,62.864883,46.632004,33.025105,14.982005
23,45,87652632dffffff,1.4020667909888724,103.977238827032,"POLYGON ((103.9902024494674 1.3984890669340642, 103.98705461035667 1.4115445800830022, 103.97409023995309 1.4151229642273735, 103.96427411754108 1.4056447323583536, 103.96742315324207 1.3925889897791597, 103.98038711497819 1.389011708307291, 103.9902024494674 1.3984890669340642))",27.909851,72.32442,27.169535,72.04995,69.52112,27.010588,34.39601,29.367403,52.882618,59.060696,77.179344,44.4824,59.552124,52.34399,90.31547,10.223434
24,47,876520d95ffffff,1.3049570274662716,103.84333471371896,"POLYGON ((103.85630417742213 1.3013837085594993, 103.85314992083924 1.314435751149279, 103.84017971194218 1.3180097264283923, 103.83036417616988 1.3085305652330137, 103.83351962398848 1.295478307425089, 103.84648941655877 1.2919054258381997, 103.85630417742213 1.3013837085594993))",186.78746,229.77733,120.794174,117.594536,200.35506,198.66202,280.8682,280.98642,327.68658,624.3757,482.34232,448.0297,226.56584,265.64398,226.38696,73.49517
25,48,87652634affffff,1.4616614566308603,103.80545495588092,"POLYGON ((103.81843336219295 1.4580803015846902, 103.81527551659636 1.4711454151626169, 103.80229636503972 1.4747272192375802, 103.79247547825899 1.465242820887768, 103.79563451491182 1.4521774907063478, 103.8086132475051 1.4485967752863849, 103.81843336219295 1.4580803015846902))",66.295235,27.713629,51.778057,76.57268,57.917416,137.13364,86.99736,175.102,208.66321,203.81697,371.64426,270.56656,140.79335,78.20434,34.774277,19.398823
26,49,876526acbffffff,1.339296857974865,103.89556438133464,"POLYGON ((103.908531442891 1.3357220038846724, 103.90537971955744 1.3487751431940527, 103.89241191173834 1.3523506552277593, 103.882596240799 1.3428719305134098, 103.88574915743565 1.3298185705483503, 103.89871655192294 1.326244155761029, 103.908531442891 1.3357220038846724))",264.9872,126.20684,85.18811,82.56938,117.091675,117.42387,104.20713,112.47611,156.46664,242.014,299.6089,360.53452,171.70692,111.7736,84.715256,30.326895
27,51,87652634cffffff,1.4224706617565122,103.8149289331956,"POLYGON ((103.82790510379843 1.418891457480825, 103.82474815577062 1.4319533214013151, 103.81177123993554 1.4355331765474175, 103.80195169064754 1.4260500776602685, 103.80510982977702 1.4129879974808313, 103.81808632730858 1.4094092322554912, 103.82790510379843 1.418891457480825))",96.76981,45.475292,46.368248,80.70028,37.19555,99.55377,85.507904,45.912197,67.0645,136.1239,132.64517,53.727818,46.298637,45.75045,19.049622,5.3382277
28,66,876526345ffffff,1.4117336860617464,103.8538542243765,"POLYGON ((103.86682717195733 1.4081551200418196, 103.8636724608933 1.421215026522301, 103.85069876744701 1.424794245826658, 103.84088020125792 1.4153124653952864, 103.84403610470349 1.4022523396658193, 103.85700938217177 1.3986742134246968, 103.86682717195733 1.4081551200418196))",72.61016,52.598778,54.08331,47.056046,45.023037,29.117968,30.941298,28.884432,29.83531,51.215034,56.457726,30.67986,20.415869,10.901414,6.8577895,2.4765313
29,70,876520ca4ffffff,1.3204945821009595,103.74270110294889,"POLYGON ((103.75567838039409 1.3169201785387707, 103.75251846714404 1.329976356569883, 103.73954044620316 1.3335514106898634, 103.72972276103219 1.324069200848668, 103.73288386211159 1.3110128156796075, 103.74586146074918 1.3074388472971907, 103.75567838039409 1.3169201785387707))",230.07364,83.319214,72.839714,65.59402,109.67074,85.854485,79.85404,82.13857,101.47702,238.17366,165.9392,173.48932,80.55831,54.923016,43.31308,17.660824
30,75,876526ac1ffffff,1.31194869469402,103.95057532605384,"POLYGON ((103.96353731267068 1.3083753817393393, 103.96038887546295 1.3214247831844887, 103.94742614175246 1.3249987578933569, 103.93761225547904 1.3155222291315858, 103.9407618876957 1.3024726031770553, 103.9537242113904 1.2988997303013095, 103.96353731267068 1.3083753817393393))",93.02535,94.81261,75.6001,48.91699,61.52214,86.28977,48.27861,64.40571,74.72113,90.84426,108.07755,63.89513,32.14271,26.651844,18.749718,6.305625
31,78,87652634bffffff,1.4557584155801362,103.78265471199616,"POLYGON ((103.79563451491182 1.4521774907063478, 103.79247547825899 1.465242820887768, 103.77949493052675 1.4688243937919956, 103.76967383995807 1.459339549344443, 103.77283406682604 1.4462740046706772, 103.78581419426384 1.4426935187449206, 103.79563451491182 1.4521774907063478))",213.13773,93.04694,90.07603,166.74149,122.06932,323.76785,372.88885,210.92635,719.646,233.30212,777.9024,408.42148,239.85938,283.74646,95.38604,24.392527
32,80,876520cb6ffffff,1.394022660457866,103.78547198270768,"POLYGON ((103.79844913178333 1.3904447720276998, 103.79529084608954 1.403505329929531, 103.78231295242928 1.4070838686539529, 103.7724937646482 1.397600761245646, 103.77565324020598 1.3845399904210423, 103.78863071389692 1.3809625397353713, 103.79844913178333 1.3904447720276998))",4.0012217,2.5085053,3.8539448,5.214893,10.785445,14.131274,12.302631,28.542356,38.15029,46.85219,85.17164,67.502464,20.901215,22.642406,15.940679,6.007259
33,82,876520d80ffffff,1.2765208836823287,103.81388979899276,"POLYGON ((103.82686024698725 1.272948875428373, 103.82370465222179 1.2859995923792649, 103.81073345967906 1.2895722564279495, 103.80091828010843 1.2800931115256649, 103.80407506487525 1.267042182687771, 103.81704583942681 1.2634706104465245, 103.82686024698725 1.272948875428373))",158.79765,122.19404,54.07942,51.977192,63.868896,75.705826,66.523224,68.196266,80.580414,84.29088,229.86467,224.98683,92.442184,65.33753,56.990566,23.751698
34,84,876520c91ffffff,1.4380452549493723,103.7142444274224,"POLYGON ((103.72722839645722 1.4344650184408898, 103.7240657916877 1.4475309857646879, 103.71108107912544 1.4511118673061374, 103.70125939583677 1.4416256993884882, 103.70442318829011 1.428559523907614, 103.7174074765655 1.4249797243094533, 103.72722839645722 1.4344650184408898))",63.802525,90.68601,46.112648,20.505104,87.776665,15.572135,44.258495,54.421997,72.89048,154.60602,169.42358,222.9635,124.02444,36.263523,12.573967,2.1032736
35,86,876526acdffffff,1.3001420417913372,103.9050199961694,"POLYGON ((103.91798481896618 1.2965691651841897, 103.91483399257189 1.3096190135451413, 103.90186842352671 1.313192549921627, 103.89205409376471 1.3037151392497182, 103.89520611350403 1.2906650705856044, 103.9081712698745 1.2870926327041046, 103.91798481896618 1.2965691651841897))",401.86047,230.72221,119.15633,111.84483,135.14966,147.20985,145.36469,141.19498,139.98337,155.04695,213.63321,125.76197,100.5897,94.201836,90.52302,36.912804
36,88,876520d94ffffff,1.3108619944872355,103.86611905490538,"POLYGON ((103.8790871129454 1.3072884570011563, 103.87593404843454 1.3203402822679917, 103.86296524477537 1.3239144771205373, 103.85314992083924 1.314435751149279, 103.85630417742213 1.3013837085594993, 103.8692725660839 1.2978106090714792, 103.8790871129454 1.3072884570011563))",418.48544,221.69765,90.6686,75.08508,98.90613,114.279495,133.97105,111.43002,158.09386,291.4717,479.9623,270.5454,129.44777,114.51069,124.2272,56.037468
37,89,876526343ffffff,1.4509186213770906,103.8443869560916,"POLYGON ((103.85736214128214 1.4473380973413135, 103.85420653268818 1.4604012589974378, 103.84123060161896 1.4639824344793546, 103.83141069599597 1.4544993563124489, 103.83456749692752 1.44143597505994, 103.84754301135985 1.4378558913788622, 103.85736214128214 1.4473380973413135))",7.3516126,4.8168535,6.4421597,5.5536346,3.6846907,2.622337,2.9637651,1.3030127,1.8341653,2.3372824,3.8706076,3.151182,2.5238314,1.6944116,1.0820607,0.24654908
38,91,876526365ffffff,1.355926384908106,103.87944302514973,"POLYGON ((103.89241191173834 1.3523506552277593, 103.88925914311058 1.3654055461835943, 103.87628951046433 1.3689819323959165, 103.86647306098601 1.3595023316754573, 103.86962702247827 1.346447220941025, 103.882596240799 1.3428719305134098, 103.89241191173834 1.3523506552277593))",810.89233,542.9158,361.03397,232.40407,234.93718,264.86377,357.9605,272.16132,305.1679,442.23245,537.33124,439.34753,292.71924,251.18134,177.84518,75.17849
39,93,876520cf4ffffff,1.3301270449244569,103.61920524390852,"POLYGON ((103.63219162925101 1.3265518015997146, 103.6290248885901 1.3396122710907536, 103.61603776190061 1.3431881581412333, 103.60621780570142 1.3337024994332205, 103.60938572990716 1.320641833012919, 103.62237242698568 1.3170670220373648, 103.63219162925101 1.3265518015997146))",43.912888,11.648702,6.580099,76.01359,38.01782,27.747025,41.403248,54.53603,57.523594,315.18152,140.31209,118.72189,65.52859,6.4377165,0.7935992,-0.39269623
40,94,876520d93ffffff,1.3441184110126028,103.83386881148438,"POLYGON ((103.8468405107822 1.3405431248181052, 103.84368535726132 1.3535984532251224, 103.83071291275662 1.357174393961824, 103.82089603897339 1.3476939136597839, 103.82405238368568 1.3346383696865007, 103.83702441120512 1.3310635213891948, 103.8468405107822 1.3405431248181052))",430.64362,314.27396,143.96121,131.87485,159.9878,198.89511,184.19897,231.4019,236.28119,330.40753,579.4396,204.40897,195.04308,181.75932,165.34015,72.18688
41,95,876526360ffffff,1.3784615295055411,103.88610607542796,"POLYGON ((103.8990753757867 1.3748847034136293, 103.89592275530256 1.387941121650294, 103.88295270866693 1.3915186038560587, 103.87313569671942 1.3820385716395747, 103.87628951046433 1.3689819323959165, 103.88925914311058 1.3654055461835943, 103.8990753757867 1.3748847034136293))",485.2396,309.77148,269.76944,209.80286,215.80447,230.51674,184.28108,182.87958,144.95647,231.74274,298.82614,230.16443,122.48762,106.34517,78.64412,33.90809
42,97,876526361ffffff,1.372558534892787,103.8633188004531,"POLYGON ((103.87628951046433 1.3689819323959165, 103.87313569671942 1.3820385716395747, 103.86016424085615 1.3856158292553342, 103.8503470142723 1.3761353531139449, 103.8535020204423 1.3630784949699075, 103.86647306098601 1.3595023316754573, 103.87628951046433 1.3689819323959165))",-10.475039,100.470146,82.66603,75.16944,85.18296,82.822174,85.4086,72.996925,116.558556,97.6111,177.10687,92.315796,43.277615,34.432632,21.219385,11.757162
43,98,87652636cffffff,1.3666548742313194,103.84052990471436,"POLYGON ((103.8535020204423 1.3630784949699075, 103.8503470142723 1.3761353531139449, 103.83737415311795 1.379712386498886, 103.82755671499851 1.3702314688993193, 103.83071291275662 1.357174393961824, 103.84368535726132 1.3535984532251224, 103.8535020204423 1.3630784949699075))",596.6782,340.37482,213.03998,146.1136,175.17256,190.45363,213.98755,160.27791,161.27124,293.48212,270.45175,122.64224,187.72458,156.22026,118.26318,54.183517
44,104,876520caeffffff,1.3478537653679212,103.6876177318712,"POLYGON ((103.70060000263561 1.3442778570911098, 103.69743681770333 1.3573377231325918, 103.68445380429384 1.3609142781328898, 103.67463440165727 1.3514298857803058, 103.67779877268015 1.3383698164789597, 103.69078136046642 1.3347943425976518, 103.70060000263561 1.3442778570911098))",196.55638,59.708977,69.18763,94.97978,129.87233,83.398026,128.20041,139.13664,208.1426,268.9615,274.15643,136.31216,96.22508,87.413246,57.966236,22.907034
45,105,87652636dffffff,1.3607505503480268,103.81773939524987,"POLYGON ((103.83071291275662 1.357174393961824, 103.82755671499851 1.3702314688993193, 103.81458245249179 1.3738082784132777, 103.8047648059384 1.3643269218232372, 103.80792219444629 1.3512696321995141, 103.82089603897339 1.3476939136597839, 103.83071291275662 1.357174393961824))",602.7918,271.9068,153.01917,140.7267,151.65724,143.9215,291.09918,184.82971,175.47182,164.32376,244.35768,101.06796,123.90248,74.83171,73.58934,20.400602
46,108,876526366ffffff,1.3843638552443331,103.90889172260376,"POLYGON ((103.9218596093765 1.3807868051984415, 103.91870818298749 1.3938430003218178, 103.90573954951384 1.3974207074761071, 103.89592275530256 1.387941121650294, 103.8990753757867 1.3748847034136293, 103.91204359660128 1.3713080939239661, 103.9218596093765 1.3807868051984415))",364.18887,238.92056,192.18607,136.20782,161.89789,150.87714,157.94237,146.1312,112.040215,163.40556,193.60814,116.351585,73.41276,47.01922,35.82947,19.413324
47,109,876520c90ffffff,1.443950311909935,103.73704944070978,"POLYGON ((103.75003202498901 1.4403698463056551, 103.7468706087484 1.4534356033603149, 103.7338872805112 1.457016714997125, 103.7240657916877 1.4475309857646879, 103.72722839645722 1.4344650184408898, 103.74021130173824 1.4308849904266947, 103.75003202498901 1.4403698463056551))",49.43414,16.232515,47.94098,118.556755,66.81985,41.861675,220.57745,138.13817,222.35643,199.73775,316.60287,538.1005,28.735516,3.1518703,-1.8129121,0.003872686
48,111,876520db2ffffff,1.2942377295607472,103.88223987850928,"POLYGON ((103.89520611350403 1.2906650705856044, 103.89205409376471 1.3037151392497182, 103.8790871129454 1.3072884570011563, 103.8692725660839 1.2978106090714792, 103.87242577833429 1.2847603222077824, 103.88539234514963 1.2811881012808402, 103.89520611350403 1.2906650705856044))",292.6377,132.17554,65.77566,78.832504,129.226,95.50745,61.527218,150.45094,196.45955,291.1561,344.8916,149.71292,106.01388,125.82598,342.36514,88.136444
49,112,876520d96ffffff,1.3333932040264536,103.87278068495333,"POLYGON ((103.88574915743565 1.3298185705483503, 103.882596240799 1.3428719305134098, 103.86962702247827 1.346447220941025, 103.85981113567044 1.3369680556361725, 103.86296524477537 1.3239144771205373, 103.87593404843454 1.3203402822679917, 103.88574915743565 1.3298185705483503))",415.20972,296.33777,165.61682,113.62294,129.55048,171.02881,193.87189,201.74062,221.04921,320.32428,454.5534,311.1715,125.27415,98.75023,74.26068,27.195837
50,122,876520ca2ffffff,1.3596683438701729,103.73321823578286,"POLYGON ((103.74619774372594 1.3560919904715407, 103.74303693351146 1.3691514436646954, 103.73005668206191 1.3727284457833266, 103.72023766400768 1.3632449100393598, 103.72339966200339 1.350185249367376, 103.73637949048889 1.3466093317258558, 103.74619774372594 1.3560919904715407))",262.03452,154.12732,115.0229,92.448105,128.84328,104.695564,113.79625,112.638115,100.67411,173.74995,161.21822,91.68044,69.88434,48.54795,25.20239,14.655426
51,123,87652634dffffff,1.4165669745772949,103.79213226128724,"POLYGON ((103.80510982977702 1.4129879974808313, 103.80195169064754 1.4260500776602685, 103.7889733773531 1.4296297046297497, 103.77915362303837 1.4201461629826848, 103.78231295242928 1.4070838686539529, 103.79529084608954 1.403505329929531, 103.80510982977702 1.4129879974808313))",430.62778,177.63672,147.83109,171.56166,248.89291,208.12392,151.97868,163.10732,220.35225,312.8552,291.3372,136.27301,58.85703,65.06712,42.67901,20.309834
52,125,876526ad0ffffff,1.3688051328968758,104.00945826818445,"POLYGON ((104.02241821618804 1.3652291703569686, 104.01927247184574 1.3782811748226018, 104.0063117754698 1.3818578002698463, 103.99649723033046 1.372381315470655, 103.99964417213006 1.359329079828632, 104.01260446182451 1.3557535599701214, 104.02241821618804 1.3652291703569686))",20.400784,17.438389,24.874136,39.840397,33.704292,22.844864,40.300003,54.943718,54.37832,50.275494,116.20602,66.41351,13.94078,0.20010185,-0.014369739,0.09715465
53,126,876520ca1ffffff,1.331219081657985,103.703762888589,"POLYGON ((103.71674335584503 1.3276440342212938, 103.71358121274734 1.340702161511573, 103.70060000263561 1.3442778570911098, 103.69078136046642 1.3347943425976518, 103.69394469010263 1.321736011161814, 103.70692547558666 1.3181613981725244, 103.71674335584503 1.3276440342212938))",970.7793,235.25462,234.52074,309.15076,579.81793,581.9782,425.92374,414.35928,607.6718,1133.6893,1798.3444,723.4371,658.6573,464.64157,289.73825,115.38177
54,127,876520d9cffffff,1.3156782951100048,103.8044198843196,"POLYGON ((103.81739256597116 1.3121043213006798, 103.81423607443938 1.325158330600942, 103.80126264822724 1.328732958375338, 103.79144613241267 1.3192524861014725, 103.79460381390041 1.3061982645677734, 103.80757682146245 1.3026247273489049, 103.81739256597116 1.3121043213006798))",323.89664,285.51492,119.16136,110.96732,140.62677,222.49026,117.91075,225.04784,311.88177,386.95032,412.52573,281.2229,177.34244,160.8262,147.5586,42.427055
55,129,876520ca3ffffff,1.3537613800234791,103.71041877067414,"POLYGON ((103.72339966200339 1.350185249367376, 103.72023766400768 1.3632449100393598, 103.70725602960225 1.366821688417406, 103.69743681770333 1.3573377231325918, 103.70060000263561 1.3442778570911098, 103.71358121274734 1.340702161511573, 103.72339966200339 1.350185249367376))",364.97552,126.61394,110.37968,101.347595,138.80267,199.8904,168.08101,137.92308,124.80715,212.65778,209.02928,118.3359,83.408615,53.064053,31.044601,14.992679
56,130,876520d92ffffff,1.3500227286981847,103.85665672756724,"POLYGON ((103.86962702247827 1.346447220941025, 103.86647306098601 1.3595023316754573, 103.8535020204423 1.3630784949699075, 103.84368535726132 1.3535984532251224, 103.8468405107822 1.3405431248181052, 103.85981113567044 1.3369680556361725, 103.86962702247827 1.346447220941025))",276.86545,236.38838,137.42635,98.365974,117.15003,177.72414,128.86098,141.56445,169.08884,110.43502,151.62997,280.47357,119.403114,99.40475,66.341095,30.42133
57,131,876526340ffffff,1.4342760194024142,103.86051745067604,"POLYGON ((103.87349081367931 1.43069635969269, 103.87033625037043 1.4437577847675855, 103.85736214128214 1.4473380973413135, 103.84754301135985 1.4378558913788622, 103.85069876744701 1.424794245826658, 103.8636724608933 1.421215026522301, 103.87349081367931 1.43069635969269))",10.487784,13.847537,5.1440535,9.148888,4.8998075,5.654072,4.744651,3.4999928,2.925626,5.9524918,4.265253,2.522412,2.0636153,1.5018344,1.509091,0.86814004
58,133,876520d98ffffff,1.332307802528715,103.78828815197144,"POLYGON ((103.80126264822724 1.328732958375338, 103.79810511316208 1.341788715808257, 103.7851298725534 1.3453642125124379, 103.77531258687033 1.335882862500946, 103.77847131144851 1.3228268937153145, 103.79144613241267 1.3192524861014725, 103.80126264822724 1.328732958375338))",452.5952,327.70258,170.01822,324.68054,345.3967,257.15228,455.76962,484.03745,462.3415,502.5406,872.33356,376.64502,165.80313,230.14272,127.642876,30.555424
59,134,876526acaffffff,1.3451998493664004,103.9183464474132,"POLYGON ((103.93131209411244 1.3416247743039629, 103.92816156491546 1.3546776908528833, 103.91519517152994 1.358253424852427, 103.90537971955744 1.3487751431940527, 103.908531442891 1.3357220038846724, 103.92149742427456 1.3321473688018757, 103.93131209411244 1.3416247743039629))",687.3895,334.2928,235.45436,134.0199,149.3455,135.65547,138.5765,120.22848,140.97568,307.66733,265.02097,183.14452,112.64474,102.44297,65.94926,41.726326
60,135,876526ac2ffffff,1.3403769456754195,103.98001630513836,"POLYGON ((103.99297727590823 1.3368023098795927, 103.98983018425666 1.3498530169705802, 103.97686846575323 1.3534283150974038, 103.96705424746357 1.3439518022290973, 103.97020253534912 1.3309008672958413, 103.98316384550351 1.3273266728809432, 103.99297727590823 1.3368023098795927))",7.1596136,4.415541,2.0451276,1.8203825,2.0307372,2.1017778,3.1643019,2.646595,5.765637,8.552992,8.397067,8.026138,5.1089077,2.868513,3.204317,2.3157077
61,137,876526ad1ffffff,1.3629048199622196,103.9866827935669,"POLYGON ((103.99964417213006 1.359329079828632, 103.99649723033046 1.372381315470655, 103.98353510381529 1.3759577175196456, 103.97372032732454 1.36648077981233, 103.97686846575323 1.3534283150974038, 103.98983018425666 1.3498530169705802, 103.99964417213006 1.359329079828632))",7.9998,8.440422,5.925632,7.477495,9.7752,11.012141,4.2561765,15.269445,15.303162,16.88433,14.870228,15.460154,12.31742,11.444564,11.828902,5.1377625
62,138,876520d9effffff,1.3382134346795274,103.81107928393888,"POLYGON ((103.82405238368568 1.3346383696865007, 103.82089603897339 1.3476939136597839, 103.80792219444629 1.3512696321995141, 103.79810511316208 1.341788715808257, 103.80126264822724 1.328732958375338, 103.81423607443938 1.325158330600942, 103.82405238368568 1.3346383696865007))",27.964762,27.494572,19.016426,32.311245,42.662968,59.113087,110.549225,123.331604,103.3924,169.03029,223.6448,71.45097,29.631529,24.713335,12.267326,3.6084332
63,139,876520c13ffffff,1.3027699036623577,103.67430867244236,"POLYGON ((103.68729009206783 1.2991961582570106, 103.68412661786236 1.3122529513782275, 103.671144456033 1.31582734434885, 103.66132619491715 1.3063438633041449, 103.6644908544167 1.293286869369308, 103.67747258995554 1.2897135571001832, 103.68729009206783 1.2991961582570106))",9.429621,9.342953,17.698053,28.930483,68.41835,67.81688,61.21042,67.52423,95.19554,197.7102,208.37177,152.51674,115.54848,51.481106,16.471079,2.9487393
64,140,876520d90ffffff,1.3274888903473656,103.8499953653004,"POLYGON ((103.86296524477537 1.3239144771205373, 103.85981113567044 1.3369680556361725, 103.8468405107822 1.3405431248181052, 103.83702441120512 1.3310635213891948, 103.84017971194218 1.3180097264283923, 103.85314992083924 1.314435751149279, 103.86296524477537 1.3239144771205373))",462.7258,322.46567,149.66165,120.84587,155.29991,165.14346,177.71736,159.90416,221.48395,433.13205,356.77545,317.19238,175.4307,173.99068,112.65746,42.475124
65,145,876526ad9ffffff,1.3677317015964654,103.92501073667798,"POLYGON ((103.93797679482367 1.3641555269907724, 103.93482641442736 1.3772099720726385, 103.9218596093765 1.3807868051984415, 103.91204359660128 1.3713080939239661, 103.91519517152994 1.358253424852427, 103.92816156491546 1.3546776908528833, 103.93797679482367 1.3641555269907724))",166.15268,67.392265,54.3561,56.65629,49.597595,51.82142,67.63786,59.33301,70.590256,90.909096,138.27766,104.03084,62.840015,55.781033,34.41193,13.397529
66,146,876526375ffffff,1.406900285628899,103.91555645748744,"POLYGON ((103.92852475636353 1.4033221372921822, 103.9253734786489 1.4163798547545687, 103.91240443285284 1.4199586597812424, 103.90258707730807 1.4104786492811527, 103.90573954951384 1.3974207074761071, 103.91870818298749 1.3938430003218178, 103.92852475636353 1.4033221372921822))",421.84906,291.8195,171.34769,150.64076,160.51855,264.83936,180.2406,157.24022,167.9182,248.07611,189.90302,105.25921,63.824097,60.018345,32.68025,13.297218
67,150,876520cacffffff,1.3253108378984533,103.68096284474082,"POLYGON ((103.69394469010263 1.321736011161814, 103.69078136046642 1.3347943425976518, 103.67779877268015 1.3383698164789597, 103.66797994070448 1.3288858778212336, 103.671144456033 1.31582734434885, 103.68412661786236 1.3122529513782275, 103.69394469010263 1.321736011161814))",199.86212,37.72216,38.83003,87.47485,177.54736,216.98344,174.1476,268.51694,381.66418,424.38083,731.5724,769.9121,541.3597,256.5276,100.51071,23.430012
68,151,876526ac0ffffff,1.3178510297166983,103.97335052423304,"POLYGON ((103.9863110868723 1.3142774980477956, 103.98316384550351 1.3273266728809432, 103.97020253534912 1.3309008672958413, 103.96038887546295 1.3214247831844887, 103.96353731267068 1.3083753817393393, 103.97649821413887 1.3048022908252201, 103.9863110868723 1.3142774980477956))",0.46565142,0.6040935,0.40527433,1.1572781,1.4592086,1.1468877,1.936637,1.9064776,2.7302437,6.1073017,4.510843,9.816831,3.2575169,1.1251253,0.38515747,0.060210727
69,156,876526adbffffff,1.3902655092855352,103.93167573494851,"POLYGON ((103.94464220420387 1.3866882349273975, 103.94149197274302 1.3997442048315096, 103.92852475636353 1.4033221372921822, 103.91870818298749 1.3938430003218178, 103.9218596093765 1.3807868051984415, 103.93482641442736 1.3772099720726385, 103.94464220420387 1.3866882349273975))",367.89713,158.8891,161.56165,133.72968,149.78995,127.33199,142.67836,112.91731,126.10166,185.44925,110.57644,177.30412,114.698845,95.150406,43.67024,20.34572
70,157,876520cf6ffffff,1.3526738301856638,103.6258578489782,"POLYGON ((103.63884466337763 1.3490975101558709, 103.63567806635977 1.3621595142103562, 103.6226905103923 1.3657364775432934, 103.612869980939 1.3562503603468543, 103.61603776190061 1.3431881581412333, 103.6290248885901 1.3396122710907536, 103.63884466337763 1.3490975101558709))",210.36801,161.51329,128.0281,90.28987,138.2388,74.16635,149.8807,167.75316,192.99925,421.18536,294.2602,163.57906,243.55424,167.34172,153.3923,12.71412
71,162,876520c84ffffff,1.3763056598667909,103.71707536699356,"POLYGON ((103.73005668206191 1.3727284457833266, 103.72689482930288 1.3857896361251079, 103.7139127709379 1.3893674975090318, 103.70409298950855 1.3798830853530206, 103.70725602960225 1.366821688417406, 103.72023766400768 1.3632449100393598, 103.73005668206191 1.3727284457833266))",27.514256,15.828001,21.856983,77.233185,89.69332,60.513794,96.49384,112.92672,202.44168,206.05997,271.17526,87.47249,62.665974,45.03935,31.273554,12.855209
72,163,876526349ffffff,1.4332095421023892,103.77599399451172,"POLYGON ((103.7889733773531 1.4296297046297497, 103.78581419426384 1.4426935187449206, 103.77283406682604 1.4462740046706772, 103.76301354332344 1.4367895895153713, 103.76617391623019 1.4237255621345428, 103.77915362303837 1.4201461629826848, 103.7889733773531 1.4296297046297497))",648.5086,337.7005,286.59836,261.9541,246.4179,309.84015,316.29013,246.25981,303.07843,456.35675,580.02747,379.23593,313.80188,220.18181,160.57913,84.567474
73,165,876526addffffff,1.351102175376494,103.94112687616092,"POLYGON ((103.95409110407412 1.3475268789823043, 103.95094176984587 1.3605795706662978, 103.93797679482367 1.3641555269907724, 103.92816156491546 1.3546776908528833, 103.93131209411244 1.3416247743039629, 103.94427665846267 1.3380499185656511, 103.95409110407412 1.3475268789823043))",436.05087,254.9641,203.94781,153.14716,161.85674,206.79453,227.82951,192.24385,268.17465,305.16452,248.483,370.27548,240.56647,190.84045,112.491165,50.229107
74,169,876526ad8ffffff,1.3736333564267105,103.94779213656363,"POLYGON ((103.9607567745932 1.3700569588201732, 103.95760758956119 1.383111177807305, 103.94464220420387 1.3866882349273975, 103.93482641442736 1.3772099720726385, 103.93797679482367 1.3641555269907724, 103.95094176984587 1.3605795706662978, 103.9607567745932 1.3700569588201732))",314.47293,225.1468,202.93677,174.90157,198.5554,190.37204,213.41045,175.88792,190.31773,251.36946,362.04276,259.91794,134.62912,114.47675,74.29394,35.02039
75,170,876520d9dffffff,1.3097720192121736,103.78162973706928,"POLYGON ((103.79460381390041 1.3061982645677734, 103.79144613241267 1.3192524861014725, 103.77847131144851 1.3228268937153145, 103.76865459216745 1.313345990722474, 103.77181346277108 1.3002915590616522, 103.78478786375587 1.2967182403282895, 103.79460381390041 1.3061982645677734))",328.11853,151.46248,85.32146,120.70574,220.60435,227.60072,241.99075,273.26855,396.91098,770.9256,919.1391,515.58527,212.6128,203.17259,144.57654,41.243393
76,171,876520c94ffffff,1.4273051714701877,103.75319314206313,"POLYGON ((103.76617391623019 1.4237255621345428, 103.76301354332344 1.4367895895153713, 103.75003202498901 1.4403698463056551, 103.74021130173824 1.4308849904266947, 103.74337286361978 1.4178207518910597, 103.75635395999393 1.4142415801971606, 103.76617391623019 1.4237255621345428))",1906.916,796.60364,769.7833,622.20325,964.17737,968.8602,752.9395,563.4496,747.1283,1388.6766,1540.2384,1045.1405,1086.2031,777.678,486.2983,228.41992
77,172,876520c1effffff,1.2968603961195992,103.65150806196738,"POLYGON ((103.6644908544167 1.293286869369308, 103.66132619491715 1.3063438633041449, 103.64834266069616 1.3099180366214154, 103.63852421381186 1.300434136790219, 103.64169005775774 1.2873769441504466, 103.65467316435945 1.2838038498541515, 103.6644908544167 1.293286869369308))",12.534115,9.549868,18.322948,37.356148,48.89161,74.780136,140.13074,154.40189,163.89757,668.11554,433.4549,432.7036,182.70915,340.70612,31.727268,3.6347954
78,175,876526adcffffff,1.3570038331822012,103.96390566055278,"POLYGON ((103.97686846575323 1.3534283150974038, 103.97372032732454 1.36648077981233, 103.9607567745932 1.3700569588201732, 103.95094176984587 1.3605795706662978, 103.95409110407412 1.3475268789823043, 103.96705424746357 1.3439518022290973, 103.97686846575323 1.3534283150974038))",99.86929,137.88336,104.22522,89.37476,97.2244,104.364334,128.31708,84.02434,110.943596,182.79019,232.44182,165.36115,77.16958,48.344112,38.915634,19.677052
79,176,876520c80ffffff,1.3929455694892603,103.70092965036996,"POLYGON ((103.7139127709379 1.3893674975090318, 103.71074987581753 1.4024304216247523, 103.69776601216331 1.4060091394843603, 103.68794546880216 1.3965238515031233, 103.6911095508097 1.383460721679713, 103.70409298950855 1.3798830853530206, 103.7139127709379 1.3893674975090318))",4.7118177,4.860286,7.575344,8.967373,31.463457,33.216053,42.673595,39.112114,89.12779,29.86078,79.23082,41.063038,156.96861,19.745787,12.836256,3.1972961
80,177,876520d84ffffff,1.2598992585963205,103.83001554287723,"POLYGON ((103.84298417403024 1.2563281276952116, 103.83982962289531 1.26937708732221, 103.82686024698725 1.272948875428373, 103.81704583942681 1.2634706104465245, 103.82020158100455 1.250421438054275, 103.8331705399151 1.24685074321643, 103.84298417403024 1.2563281276952116))",181.42134,164.12595,48.789097,40.7074,67.12385,75.99283,143.81563,158.97774,205.87244,96.84262,556.0721,476.08362,294.64316,279.2846,256.95166,83.02516
81,179,876520cb4ffffff,1.3714803077974644,103.77881241669392,"POLYGON ((103.79178914602021 1.3679035078267143, 103.78863071389692 1.3809625397353713, 103.77565324020598 1.3845399904210423, 103.76583461915884 1.3750573211742685, 103.76899424074873 1.3619980775689935, 103.78197129413532 1.3584217147148556, 103.79178914602021 1.3679035078267143))",248.65045,191.26718,180.96123,140.98283,101.200096,174.512,103.389534,108.40711,82.48044,127.6358,154.00572,106.92124,54.6575,45.434483,32.198414,16.16029
82,180,876520c96ffffff,1.4498546997302786,103.7598528712539,"POLYGON ((103.77283406682604 1.4462740046706772, 103.76967383995807 1.459339549344443, 103.75669189999827 1.462920891435733, 103.7468706087484 1.4534356033603149, 103.75003202498901 1.4403698463056551, 103.76301354332344 1.4367895895153713, 103.77283406682604 1.4462740046706772))",1188.784,1461.829,1142.1993,732.5088,855.1331,700.962,854.4528,571.9908,605.04535,943.6805,506.85364,699.84155,460.54315,342.91528,946.4471,193.55266
83,181,876520db1ffffff,1.26580551992201,103.85279792552096,"POLYGON ((103.86576515366889 1.262234173785698, 103.86261179381357 1.2752829185438652, 103.84964382048499 1.2788549228788069, 103.83982962289531 1.26937708732221, 103.84298417403024 1.2563281276952116, 103.8559517316901 1.2527572183009876, 103.86576515366889 1.262234173785698))",29.68791,20.196556,9.958117,25.658884,37.06794,35.4015,54.8343,50.115257,69.27411,141.53833,164.0311,111.65145,38.103134,21.466534,21.548126,7.0983214
84,182,876526362ffffff,1.4009986301879986,103.89276983572128,"POLYGON ((103.90573954951384 1.3974207074761071, 103.90258707730807 1.4104786492811527, 103.88961661701941 1.4140572276881822, 103.87979904280412 1.4045767678968626, 103.88295270866693 1.3915186038560587, 103.89592275530256 1.387941121650294, 103.90573954951384 1.3974207074761071))",962.03284,607.4464,459.92203,383.076,392.72406,431.90424,502.0265,406.37915,405.60767,492.1491,606.5362,478.40503,316.88272,237.9929,134.06996,62.514313
85,185,876526348ffffff,1.4391132425161917,103.7987932523669,"POLYGON ((103.81177123993554 1.4355331765474175, 103.8086132475051 1.4485967752863849, 103.79563451491182 1.4521774907063478, 103.78581419426384 1.4426935187449206, 103.7889733773531 1.4296297046297497, 103.80195169064754 1.4260500776602685, 103.81177123993554 1.4355331765474175))",298.94122,120.206375,126.48742,117.30517,114.4966,104.77936,98.67063,89.12351,101.28877,159.47002,166.96036,133.46046,76.0548,55.15631,35.99592,17.755152
86,188,876526341ffffff,1.4283736776403182,103.83772399867372,"POLYGON ((103.85069876744701 1.424794245826658, 103.84754301135985 1.4378558913788622, 103.83456749692752 1.44143597505994, 103.82474815577062 1.4319533214013151, 103.82790510379843 1.418891457480825, 103.84088020125792 1.4153124653952864, 103.85069876744701 1.424794245826658))",296.2794,265.73785,229.85417,144.64946,187.56201,212.06053,203.90234,157.03703,165.97609,218.42879,227.49713,228.34575,166.08452,128.97574,83.08887,40.674164
87,190,876520d91ffffff,1.3215839197654078,103.82720842941006,"POLYGON ((103.84017971194218 1.3180097264283923, 103.83702441120512 1.3310635213891948, 103.82405238368568 1.3346383696865007, 103.81423607443938 1.325158330600942, 103.81739256597116 1.3121043213006798, 103.83036417616988 1.3085305652330137, 103.84017971194218 1.3180097264283923))",263.84637,262.85873,110.81137,137.56262,138.56247,190.73724,333.26358,244.79813,270.43384,312.26703,482.28305,263.8016,91.26085,88.18489,96.111725,34.507687
88,191,876520ca6ffffff,1.343033627660252,103.74935825492906,"POLYGON ((103.76233595412299 1.3394581377316632, 103.75917618663568 1.352515850404935, 103.74619774372594 1.3560919904715407, 103.73637949048889 1.3466093317258558, 103.73954044620316 1.3335514106898634, 103.75251846714404 1.329976356569883, 103.76233595412299 1.3394581377316632))",506.14578,243.55257,176.30965,154.26419,187.85326,191.84186,205.62965,185.17535,214.13577,298.87436,598.72314,360.40012,219.49487,226.05025,131.58514,49.266884
89,193,87652634effffff,1.4450162698833091,103.82159090857655,"POLYGON ((103.83456749692752 1.44143597505994, 103.83141069599597 1.4544993563124489, 103.81843336219295 1.4580803015846902, 103.8086132475051 1.4485967752863849, 103.81177123993554 1.4355331765474175, 103.82474815577062 1.4319533214013151, 103.83456749692752 1.44143597505994))",644.2925,306.95767,337.65482,287.1751,281.93137,259.89615,246.42622,196.61732,214.33055,311.82806,376.17548,220.60394,167.85674,125.44387,91.455246,37.664204
90,198,87652636bffffff,1.3999270033194249,103.8082676697787,"POLYGON ((103.82124342229783 1.3963488893854756, 103.81808632730858 1.4094092322554912, 103.80510982977702 1.4129879974808313, 103.79529084608954 1.403505329929531, 103.79844913178333 1.3904447720276998, 103.81142521067584 1.3868670965168777, 103.82124342229783 1.3963488893854756))",453.71738,199.81146,191.92375,145.1238,204.75705,255.52625,246.48624,134.88095,229.91649,118.946205,484.6921,296.75183,154.24092,125.80815,98.37777,57.19295
91,199,876520db3ffffff,1.2883327639129585,103.85945813507246,"POLYGON ((103.87242577833429 1.2847603222077824, 103.8692725660839 1.2978106090714792, 103.85630417742213 1.3013837085594993, 103.84648941655877 1.2919054258381997, 103.84964382048499 1.2788549228788069, 103.86261179381357 1.2752829185438652, 103.87242577833429 1.2847603222077824))",120.6348,60.87205,43.19579,98.289474,165.31982,148.83104,215.21713,214.31999,177.45564,425.16043,427.94238,370.38437,173.01395,201.72862,160.01707,58.71967
92,200,876520cb5ffffff,1.3655746540727192,103.7560161201407,"POLYGON ((103.76899424074873 1.3619980775689935, 103.76583461915884 1.3750573211742685, 103.75285575461483 1.378634547395664, 103.74303693351146 1.3691514436646954, 103.74619774372594 1.3560919904715407, 103.75917618663568 1.352515850404935, 103.76899424074873 1.3619980775689935))",759.38556,456.69617,284.5962,258.2242,238.96376,225.24986,245.64944,180.71678,231.38937,202.4952,325.3955,223.21806,128.65509,117.996414,72.89749,37.135418
93,201,876520cb1ffffff,1.382211985899921,103.73987582426246,"POLYGON ((103.75285575461483 1.378634547395664, 103.74969509003486 1.391695529033676, 103.7367144159557 1.395273615836732, 103.72689482930288 1.3857896361251079, 103.73005668206191 1.3727284457833266, 103.74303693351146 1.3691514436646954, 103.75285575461483 1.378634547395664))",349.18744,412.90363,287.9139,320.4086,283.65598,324.6102,275.43835,183.55638,306.3739,378.28156,631.52277,326.25882,211.54108,155.0626,100.93242,49.240227
94,204,876526368ffffff,1.3832896344868597,103.8244002181867,"POLYGON ((103.83737415311795 1.379712386498886, 103.83421810244873 1.3927709886892765, 103.82124342229783 1.3963488893854756, 103.81142521067584 1.3868670965168777, 103.81458245249179 1.3738082784132777, 103.82755671499851 1.3702314688993193, 103.83737415311795 1.379712386498886))",212.05246,77.114075,68.49142,100.17012,72.15224,89.94505,69.40036,51.63832,68.874954,235.61569,166.60933,160.73051,56.135616,49.388985,38.73072,15.631452
95,205,876520c1dffffff,1.2684100912790504,103.62205443785504,"POLYGON ((103.63503817044614 1.2648378605776014, 103.63187218286231 1.2778935087518775, 103.61888770915346 1.2814663854422002, 103.60906965252742 1.271982536636054, 103.61223682330987 1.2589266930870915, 103.62522086773795 1.2553548935261627, 103.63503817044614 1.2648378605776014))",11.57038,14.01596,15.701649,16.42671,27.478136,27.95676,51.316998,50.25135,31.828209,46.830772,100.86144,70.503265,56.112823,48.95395,142.60706,4.86429
96,207,876520d8bffffff,1.2979575250213111,103.73604466426522,"POLYGON ((103.7490215196273 1.2943842076158816, 103.74586146074918 1.3074388472971907, 103.73288386211159 1.3110128156796075, 103.72306674520632 1.3015310586604982, 103.72622799151623 1.288476213065611, 103.73920516751622 1.284903330210805, 103.7490215196273 1.2943842076158816))",10.292086,6.961032,8.227633,10.907932,14.462956,13.266758,13.627947,21.954184,28.823393,32.285484,15.332683,83.61741,40.773357,30.515682,7.21964,2.7905354
97,213,876520d83ffffff,1.293145139263963,103.79776119645793,"POLYGON ((103.81073345967906 1.2895722564279495, 103.80757682146245 1.3026247273489049, 103.79460381390041 1.3061982645677734, 103.78478786375587 1.2967182403282895, 103.78794569153153 1.283665558399708, 103.80091828010843 1.2800931115256649, 103.81073345967906 1.2895722564279495))",422.37973,225.54013,76.15258,86.746506,114.9651,103.09821,109.95397,111.09094,169.55823,363.1781,176.6816,261.52817,109.796,91.5748,67.79969,23.32188
98,214,876520ca9ffffff,1.3360365949791924,103.6420109614243,"POLYGON ((103.65499597919747 1.3324611303687082, 103.65183042293127 1.3455214008199976, 103.63884466337763 1.3490975101558709, 103.6290248885901 1.3396122710907536, 103.63219162925101 1.3265518015997146, 103.64517696052282 1.3229767700210442, 103.65499597919747 1.3324611303687082))",258.9755,82.9016,55.293545,99.93629,262.92447,126.33943,146.41628,212.20631,399.41043,357.0225,420.64288,520.315,589.3492,293.94086,109.70412,34.007114
99,218,876526ad3ffffff,1.3854346449510897,103.9933499894508,"POLYGON ((104.0063117754698 1.3818578002698463, 104.0031649836569 1.3949115607536007, 103.9902024494674 1.3984890669340642, 103.98038711497819 1.389011708307291, 103.98353510381529 1.3759577175196456, 103.99649723033046 1.372381315470655, 104.0063117754698 1.3818578002698463))",77.67453,30.525833,27.931772,54.713894,119.13628,101.759476,107.24059,125.87808,326.44522,256.81702,461.87228,253.64943,159.33937,91.20682,110.134415,34.07201
100,219,876520c85ffffff,1.3703986784423838,103.69427333376906,"POLYGON ((103.70725602960225 1.366821688417406, 103.70409298950855 1.3798830853530206, 103.6911095508097 1.383460721679713, 103.68128957771127 1.373975879552084, 103.68445380429384 1.3609142781328898, 103.69743681770333 1.3573377231325918, 103.70725602960225 1.366821688417406))",21.407652,27.39652,18.97401,36.01696,60.267857,48.303093,55.502895,81.700836,173.38145,111.622284,266.81528,131.22446,66.235344,66.256836,56.12174,6.895919
101,223,876520d85ffffff,1.253992354084451,103.80723155078168,"POLYGON ((103.82020158100455 1.250421438054275, 103.81704583942681 1.2634706104465245, 103.80407506487525 1.267042182687771, 103.79426045044312 1.257563490749041, 103.79741738162554 1.2445141076954265, 103.81038773785095 1.2409436270491698, 103.82020158100455 1.250421438054275))",1.9223326,1.9347628,2.818806,2.9611936,2.7469795,4.4161158,7.232192,17.929533,13.8687935,9.235129,23.890762,12.406428,37.427868,22.313015,15.9785,12.318254
102,224,876526aceffffff,1.3285729532852526,103.93446232429248,"POLYGON ((103.94742614175246 1.3249987578933569, 103.94427665846267 1.3380499185656511, 103.93131209411244 1.3416247743039629, 103.92149742427456 1.3321473688018757, 103.92464810213754 1.3190959844940933, 103.93761225547904 1.3155222291315858, 103.94742614175246 1.3249987578933569))",564.99084,381.05167,276.94705,137.23534,152.94669,175.22305,185.36327,189.82964,173.49323,337.0291,481.7963,223.96234,173.93964,126.65013,112.82619,52.762573
103,227,876520d86ffffff,1.282427147676704,103.83667477288915,"POLYGON ((103.84964382048499 1.2788549228788069, 103.84648941655877 1.2919054258381997, 103.83351962398848 1.295478307425089, 103.82370465222179 1.2859995923792649, 103.82686024698725 1.272948875428373, 103.83982962289531 1.26937708732221, 103.84964382048499 1.2788549228788069))",251.62949,158.52397,67.15878,75.63334,134.53589,140.57791,164.18556,184.49103,289.19186,484.13168,602.6994,415.36627,184.65558,181.795,171.21857,63.73246
104,228,876526ac8ffffff,1.322669960223382,103.91168286722132,"POLYGON ((103.92464810213754 1.3190959844940933, 103.92149742427456 1.3321473688018757, 103.908531442891 1.3357220038846724, 103.89871655192294 1.326244155761029, 103.90186842352671 1.313192549921627, 103.91483399257189 1.3096190135451413, 103.92464810213754 1.3190959844940933))",319.10815,357.981,194.64983,130.60706,149.35442,163.26233,138.37935,149.5246,161.26018,302.5876,455.4841,249.79027,116.96129,96.6307,75.20849,36.05836
105,229,876526accffffff,1.3060456977776012,103.92779848102565,"POLYGON ((103.9407618876957 1.3024726031770553, 103.93761225547904 1.3155222291315858, 103.92464810213754 1.3190959844940933, 103.91483399257189 1.3096190135451413, 103.91798481896618 1.2965691651841897, 103.93094856096236 1.2929965099862004, 103.9407618876957 1.3024726031770553))",81.850464,152.69475,93.30992,78.70141,93.81213,57.79562,120.95507,132.71756,142.92998,178.96355,138.10782,112.53266,49.02742,43.36078,35.40857,16.999994
106,230,876520cb0ffffff,1.3881176537077533,103.76267469851857,"POLYGON ((103.77565324020598 1.3845399904210423, 103.7724937646482 1.397600761245646, 103.75951447880466 1.4011790738290848, 103.74969509003486 1.391695529033676, 103.75285575461483 1.378634547395664, 103.76583461915884 1.3750573211742685, 103.77565324020598 1.3845399904210423))",706.9934,553.0595,368.63965,278.7488,260.78052,264.51767,255.44865,221.55136,215.55258,341.95737,418.36105,357.00595,223.04256,212.27719,128.70857,58.704693
107,231,876520db0ffffff,1.2717111352299213,103.87557869167998,"POLYGON ((103.88854451288984 1.2681395734947916, 103.88539234514963 1.2811881012808402, 103.87242577833429 1.2847603222077824, 103.86261179381357 1.2752829185438652, 103.86576515366889 1.262234173785698, 103.87873130614436 1.2586630494709594, 103.88854451288984 1.2681395734947916))",0.0450167,0.031617027,0.052706636,0.13081428,0.06429039,0.00045111123,0.49468228,0.43511894,0.15040231,0.55461884,0.17678685,0.143283,0.03948038,0.14688082,0.0738146,0.063556835
108,234,876526364ffffff,1.361829376815837,103.90222769719716,"POLYGON ((103.91519517152994 1.358253424852427, 103.91204359660128 1.3713080939239661, 103.8990753757867 1.3748847034136293, 103.88925914311058 1.3654055461835943, 103.89241191173834 1.3523506552277593, 103.90537971955744 1.3487751431940527, 103.91519517152994 1.358253424852427))",182.26483,156.17305,93.55681,87.42043,93.651695,124.669106,111.837105,92.508995,86.90712,130.1117,117.312775,95.76138,40.99133,25.029211,17.385279,9.653709
109,235,876520d8effffff,1.287238223745566,103.7749720344599,"POLYGON ((103.78794569153153 1.283665558399708, 103.78478786375587 1.2967182403282895, 103.77181346277108 1.3002915590616522, 103.76199731009213 1.2908111070040913, 103.76515632658653 1.277758216173596, 103.7781303072572 1.2741859861099638, 103.78794569153153 1.283665558399708))",385.96106,135.6021,78.04914,96.5701,189.22137,164.28862,140.84691,92.68951,210.76555,569.8217,1386.778,804.6513,425.12173,374.82828,305.66116,89.88093
110,242,87652636affffff,1.405830679463253,103.83106175268335,"POLYGON ((103.84403610470349 1.4022523396658193, 103.84088020125792 1.4153124653952864, 103.82790510379843 1.418891457480825, 103.81808632730858 1.4094092322554912, 103.82124342229783 1.3963488893854756, 103.83421810244873 1.3927709886892765, 103.84403610470349 1.4022523396658193))",1324.769,615.83,518.18835,337.76755,327.5717,258.85672,304.75296,258.12613,254.9242,438.55978,561.9907,383.58496,184.4965,163.31767,134.67804,50.089268
111,243,876526ac6ffffff,1.3237527000233706,103.9961240685452,"POLYGON ((104.00908320328486 1.3201789492808111, 104.00593715858359 1.3332278953996457, 103.99297727590823 1.3368023098795927, 103.98316384550351 1.3273266728809432, 103.9863110868723 1.3142774980477956, 103.99927056219119 1.310704188735333, 104.00908320328486 1.3201789492808111))",42.6402,17.23244,21.762228,40.47606,17.342712,35.972908,51.288757,40.760567,72.10854,82.7787,67.04889,59.67357,90.853806,81.614914,34.66487,7.18344
112,246,876520d8affffff,1.3038650949045385,103.75883799470238,"POLYGON ((103.77181346277108 1.3002915590616522, 103.76865459216745 1.313345990722474, 103.75567838039409 1.3169201785387707, 103.74586146074918 1.3074388472971907, 103.7490215196273 1.2943842076158816, 103.76199731009213 1.2908111070040913, 103.77181346277108 1.3002915590616522))",208.76091,96.40878,62.25653,59.176678,87.8291,74.5301,107.11526,105.75969,124.46517,217.6276,260.85956,158.70581,107.32553,84.93102,53.101814,19.91945
