,1.0,3.0,7.0,9.0,10.0,11.0,12.0,14.0,15.0,22.0,23.0,24.0,26.0,27.0,28.0,29.0,31.0,33.0,34.0,36.0,39.0,41.0,42.0,45.0,47.0,48.0,49.0,51.0,66.0,70.0,75.0,78.0,80.0,82.0,84.0,86.0,88.0,89.0,91.0,93.0,94.0,95.0,97.0,98.0,104.0,105.0,108.0,109.0,111.0,112.0,122.0,123.0,125.0,126.0,127.0,129.0,130.0,131.0,133.0,134.0,135.0,137.0,138.0,139.0,140.0,145.0,146.0,150.0,151.0,156.0,157.0,162.0,163.0,165.0,169.0,170.0,171.0,172.0,175.0,176.0,177.0,179.0,180.0,181.0,182.0,185.0,188.0,190.0,191.0,193.0,198.0,199.0,200.0,201.0,204.0,205.0,207.0,213.0,214.0,218.0,219.0,223.0,224.0,227.0,228.0,229.0,230.0,231.0,234.0,235.0,242.0,243.0,246.0
05:00,0.0,0.0,41.78339350180505,11.236842105263158,139.10897435897436,0.0,0.0,0.0,16.873015873015873,33.237588652482266,22.537190082644628,60.92857142857143,105.625,0.0571428571428571,40.10687022900763,55.76623376623377,0.0,3.2,27.725982532751093,72.20241691842901,132.56756756756758,2.3043478260869565,11.780784844384304,10.0,12.396878483835003,25.948453608247423,9.363867684478372,9.047619047619047,15.04,51.175141242937855,14.969696969696969,75.07692307692308,0.0,27.545736434108527,17.0,28.9027027027027,19.12368421052632,1.9714285714285715,63.74279379157428,0.0,51.43362831858407,54.86430678466077,21.09164420485175,65.30068027210885,72.01010101010101,31.272727272727277,37.07913669064748,0.0,27.467391304347824,18.01186440677966,54.70564516129032,134.37037037037038,0.0,200.1412213740458,19.968354430379748,68.27252252252252,26.07764390896921,3.0,14.03125,38.978873239436616,0.0580357142857142,3.872205820328975,1.7708333333333333,0.3846153846153846,44.54522292993631,20.804878048780488,64.33840304182509,183.59459459459455,0.0,49.5,0.0,270.8181818181818,123.38133640552996,62.84461152882206,46.72610294117647,27.746323529411764,1590.3103448275865,0.0,33.02692778457772,1.0,10.096234309623432,39.88054607508533,269.93939393939394,4.607142857142857,94.33551769331586,42.44670463791701,51.53195739014648,8.512605042016807,73.12792297111417,100.16898148148148,30.866666666666667,12.213075060532688,92.3225806451613,96.1063492063492,29.58333333333333,0.0,0.0909090909090909,35.17589576547231,279.2692307692308,6.6438356164383565,3.466666666666667,0.0,69.20930232558139,22.18472906403941,34.31003039513678,12.617021276595745,109.66173752310536,0.0,36.07796610169491,33.71641791044776,187.9090909090909,0.0,20.94076655052265
06:00,365.4,23.5,523.5095057034221,351.5238095238095,560.313829787234,367.6,233.9375,1164.0,182.54437869822485,164.88538681948424,114.66666666666669,662.8518518518518,450.4285714285714,29.88571428571429,299.8610271903323,531.9605263157895,8.666666666666666,20.75,259.33896103896103,369.7046153846154,557.9285714285714,95.80392156862744,95.3778801843318,24.33333333333333,144.33612273361229,154.97297297297297,148.84098939929328,108.36363636363636,106.92307692307692,316.32704402515725,109.22834645669292,1049.9375,4.0,163.5806451612903,51.0,190.87745098039213,190.5610859728507,9.92063492063492,352.71153846153845,7.0,339.9230769230769,264.10174152153985,91.10148232611176,332.22418879056045,259.32698412698414,197.77777777777777,217.08322824716268,193.0,158.89743589743588,237.2391304347826,221.2566037735849,553.9428571428572,13.818181818181818,810.8871473354232,212.5290322580645,330.9046511627907,174.05616438356165,23.0,440.4693877551021,353.8059701492537,2.091869918699187,5.424448217317488,31.01923076923077,125.1,289.86467236467234,106.97169811320757,350.9520295202952,799.4333333333333,0.1568627450980392,345.32142857142856,169.0,394.93939393939394,528.5953846153847,273.93237704918033,235.74636510500807,263.3015873015873,2211.783783783784,19.2,140.50303643724698,7.5,76.70165745856353,187.1555555555556,564.8529411764706,16.37864077669903,521.2607594936709,228.73653686826844,251.2508809020437,181.49193548387095,408.4206586826347,614.3324324324325,434.9583333333333,53.49112426035503,501.8512396694215,502.4368932038834,283.2631578947368,81.0,21.53333333333333,226.939226519337,1590.388888888889,110.02127659574468,53.11111111111112,1.0,263.7502467917078,169.48470012239903,222.2208774583964,92.96069868995632,522.1884328358209,0.375,185.1433447098976,202.5647058823529,995.8791208791208,159.92307692307693,176.4163822525597
07:00,40.93877551020408,20.6,1003.231939163498,278.0,1146.8006329113923,77.22727272727273,101.6,262.6666666666667,246.44064386317908,223.73038229376257,198.65584415584416,294.24347826086955,625.9166666666666,53.096774193548384,523.3275862068965,798.4128440366973,18.8,25.375,465.22176308539946,622.2181818181818,1280.107142857143,85.925,226.88521739130437,23.33333333333333,251.60103626943004,180.456,353.33613445378154,187.16666666666663,162.80434782608697,383.641975308642,171.3661971830986,615.6296296296297,7.0,194.92139737991263,120.0,383.6775956284153,320.3128491620112,11.903846153846152,675.6419294990724,69.0,640.3428571428572,511.5891238670695,188.7123287671233,641.6439628482972,372.77454545454543,841.25,448.0901898734177,334.0,289.0827067669173,474.8522727272728,365.9808612440192,1174.2424242424242,29.428571428571427,1734.415730337079,377.2053571428572,572.993690851735,360.7874465049929,42.63157894736842,1071.909090909091,521.6729559748428,7.185398655139289,6.747368421052632,64.11666666666666,41.191489361702125,373.3465240641712,335.04545454545456,662.0162601626016,577.8,0.1948051948051948,484.74545454545455,44.0,285.15384615384613,935.1930434782608,538.92750287687,470.04477611940297,344.40918580375785,3161.705882352941,33.0,246.28405491024287,6.833333333333333,179.3935185185185,342.39823008849555,4505.8,41.54285714285714,1257.8970814132103,421.8956937799043,446.5043273013375,380.0754716981132,683.3096296296296,1049.0563002680965,1486.4375,99.375,1025.0235849056603,1061.8867924528302,540.8571428571429,41.05882352941177,31.39130434782609,322.1995798319328,1239.6571428571428,150.81159420289856,51.85714285714285,0.8571428571428571,483.01582278481015,192.85472713297463,447.5971731448763,189.51674641148324,1162.9032258064517,0.1428571428571428,339.13671875,294.0208333333333,1856.820224719101,95.83333333333331,237.39285714285717
08:00,11.080357142857142,12.894736842105264,1285.2259615384614,271.6860465116279,933.7694805194806,28.83076923076923,9.92233009708738,175.0,379.0430622009569,259.1653061224489,139.9784946236559,112.96818181818182,48.583333333333336,20.49253731343284,318.0058823529412,741.5619834710744,23.75,12.0,523.8727524204703,500.3574144486692,697.8333333333334,26.397849462365592,191.10518731988472,26.75,472.8831835686778,68.1201923076923,252.6970588235294,97.6,71.0603448275862,206.07655502392345,162.53900709219857,220.35555555555555,6.5,217.0976331360947,133.0,382.2367149758454,420.9178433889602,6.864864864864865,878.7569892473118,72.0,576.3742331288344,486.6613418530352,146.29265091863516,567.2076023391813,189.40350877192984,573.5,358.6802030456853,102.5,336.9852941176471,596.8205128205128,280.875,391.1315789473685,19.294117647058822,982.5767045454544,518.6415094339623,333.87246376811595,455.6891891891892,10.555555555555555,870.6025641025641,665.8692307692307,6.824709609292503,8.227435646790486,39.515625,10.401515151515152,502.6650246305419,154.05833333333334,432.9820143884892,207.87878787878788,0.4864864864864865,343.56666666666666,201.0,38.53968253968254,618.0826580226905,499.6647196261682,492.49676025917927,350.2663934426229,1753.7209302325582,12.95,257.09036860879905,4.384615384615385,318.507614213198,270.4093023255814,1293.3714285714286,45.78238341968912,1198.8879598662206,278.0536912751678,346.7902834008097,568.4132231404959,661.8799283154121,677.0686274509804,474.5833333333333,130.42989571263035,902.8795811518324,705.0876826722338,199.6451612903226,11.575,10.666666666666666,406.5946547884187,264.8448275862069,71.7080745341615,21.76923076923077,2.8,575.4512353706111,275.8387358184765,496.1041292639138,193.34222222222223,977.5733333333334,0.0434782608695652,280.77338129496405,360.84705882352944,1241.3636363636365,41.94117647058823,263.73037542662115
09:00,6.201834862385321,14.421052631578949,563.4182509505704,89.5,269.6140350877193,9.085106382978724,5.725806451612903,50.75,203.56177606177607,83.08412322274881,37.31347962382445,17.613569321533923,41.68,6.358974358974359,170.75,373.75555555555553,18.363636363636363,11.142857142857142,317.6281690140845,196.8636363636364,382.8333333333333,5.927576601671309,88.05144291091594,66.0,238.57865685372585,29.203846153846158,124.8337531486146,45.19444444444444,55.5,84.39661016949152,97.13492063492065,90.69491525423727,2.566666666666667,124.5528554070474,100.0,237.69117647058823,219.8171936758893,5.153846153846154,550.1276595744681,11.0,306.2584269662921,304.8553770086527,98.57964601769912,325.1375186846039,61.2814371257485,272.3333333333333,234.9168356997972,16.571428571428573,134.50485436893203,326.83219954648524,147.36864406779662,182.67142857142855,17.2,228.68051575931236,261.42857142857144,120.1550888529887,240.3397435897436,13.647058823529411,329.73873873873873,338.469696969697,4.298672566371682,8.658766120599513,29.09230769230769,9.94047619047619,290.83731513083046,63.2109375,286.6756756756757,39.16709511568124,0.7662337662337663,156.73846153846154,222.0,15.895833333333334,349.1116427432217,261.78236607142856,236.97071129707112,156.38674884437597,778.8051948051948,9.578947368421051,140.40768277571252,4.777777777777778,158.68253968253967,195.24309392265192,1555.4827586206898,18.384,609.3385416666666,122.00974025974024,263.5057232049948,280.2482269503546,252.443137254902,299.7376681614349,199.22,61.66781017724414,448.6439024390244,376.0702127659574,75.10280373831776,13.8,7.208955223880597,222.33858267716536,72.84722222222223,30.638783269961976,28.666666666666668,1.875,366.36819484240687,145.54382929642446,325.3108695652174,159.48765432098764,547.4691358024692,0.03125,156.78966789667896,133.782874617737,612.234375,19.38095238095238,103.25324675324676
10:00,9.375,25.363636363636363,245.3826530612245,43.97165991902834,197.79368421052632,27.71794871794872,6.993103448275862,69.75,100.32545201668984,62.76378896882494,37.88030888030888,19.944444444444443,105.5,6.065217391304348,129.02469135802468,171.69148936170214,29.5,17.46153846153846,140.94638069705093,226.29545454545453,320.1923076923077,8.19889502762431,45.69870410367171,27.5,115.9443535188216,50.68421052631579,83.57756563245823,49.20588235294117,52.02941176470589,69.25182481751825,73.90839694656489,89.39473684210526,3.7058823529411766,53.51197183098592,45.66666666666666,117.47003154574132,92.83079526226734,6.0,369.1108490566038,6.5,149.63223140495867,260.6395864106352,80.5945537065053,206.87516425755584,71.21711899791232,149.78947368421052,173.2042105263158,45.25,59.804054054054056,162.34829443447038,113.67704280155642,148.6727272727273,24.529411764705884,224.4375,117.4931506849315,113.5743879472693,136.90575916230367,5.066666666666666,182.36111111111111,229.53543307086613,2.1363301400147385,9.046577561765895,31.582417582417584,18.232142857142858,145.00368459837878,52.32692307692308,185.4883720930233,37.135245901639344,0.8192771084337349,160.51063829787233,113.0,22.59090909090909,285.94075403949734,187.4586129753915,202.8780487804878,89.14645858343337,782.5714285714286,16.9,100.1262886597938,7.6,51.09356725146199,187.4248366013072,1189.970588235294,10.12962962962963,464.7732558139535,114.5380493033226,219.7082860385925,118.66203703703704,172.42417061611374,305.5581395348837,184.67567567567568,43.5623822088202,292.9549549549549,284.1573275862069,64.72043010752688,16.4375,8.065573770491802,75.5844017094017,54.69166666666667,27.010695187165776,17.8,2.619047619047619,251.4084699453552,67.54230145867099,205.19875776397515,97.425,377.7592592592592,0.0526315789473684,95.53246753246754,77.08350730688936,534.0454545454545,21.60377358490566,64.75636363636363
11:00,16.25,31.785714285714285,270.469696969697,90.7516339869281,188.5043103448276,73.0,16.024390243902438,82.33333333333333,87.30407911001237,84.5792759051186,82.05035971223022,50.46363636363636,118.875,13.049382716049385,119.36792452830188,171.52857142857144,175.5,23.0,105.14033898305084,200.3235294117647,254.1379310344828,29.493827160493822,52.785714285714285,90.0,125.54012493993272,93.1340206185567,81.03541666666666,79.55172413793103,47.16216216216216,66.3971119133574,48.80927835051546,174.70967741935485,5.2,50.78441231929604,20.33333333333333,117.55891238670696,77.91406987724268,5.588235294117647,244.8838383838384,69.0,138.1191335740072,211.2297476759628,79.65447154471545,154.5695159629248,97.74647887323944,142.68421052631578,132.07470288624788,142.0,81.52075471698113,117.91554959785525,97.33680555555556,158.11290322580646,36.42857142857143,307.6436464088398,116.19314641744548,105.3632958801498,100.70370370370372,8.4,327.9312977099237,129.1122448979592,1.7202553685432385,7.405455102666258,31.68,68.37931034482759,121.73757575757575,57.735537190082646,159.7864768683274,91.83802816901408,1.0625,142.79310344827587,94.0,75.65384615384616,236.60596546310836,147.42284219703575,177.01762114537445,116.56969696969696,639.6415094339623,51.4,90.98296836982968,16.0,44.031296572280176,147.65079365079364,727.9411764705883,26.84426229508197,405.4982817869416,106.98494623655914,177.33045977011494,145.70810810810812,149.87001023541453,290.8591065292096,154.83673469387756,105.17083734359962,267.6236162361624,297.0359550561798,100.41666666666669,30.0,11.36923076923077,87.85786163522013,97.1818181818182,56.15238095238095,37.1578947368421,2.935483870967742,149.28732638888889,79.3629234629862,129.64116828929068,82.42424242424242,275.02286902286903,0.1388888888888889,92.13,101.3804573804574,346.47747747747746,39.71428571428572,57.47191011235955
12:00,52.45454545454545,154.66666666666666,352.2934131736527,195.46315789473684,269.3988095238095,180.9090909090909,55.9375,164.5,101.45793103448275,122.02077151335313,86.3076923076923,135.19298245614036,85.66666666666667,17.50877192982456,120.28969359331477,181.58666666666667,301.0,35.09090909090909,131.50248756218906,200.64541832669323,321.5416666666667,66.85416666666667,70.04816753926701,65.5,186.1034852546917,181.955223880597,122.44285714285714,71.41176470588235,46.32967032967033,98.93333333333334,64.07602339181287,428.6296296296296,22.428571428571427,67.18236173393124,83.0,140.18421052631578,98.68331503841932,3.831168831168831,228.25321888412017,38.0,161.2,216.95555555555555,86.42751842751842,156.4576923076923,120.44186046511628,151.8,149.79347826086956,108.0,123.23645320197043,135.8469241773963,124.4,227.9298245614035,34.5,535.0448979591837,143.16783216783216,132.99031476997578,113.2836676217765,5.071428571428571,317.0328947368421,138.234375,2.119163763066202,9.047381546134662,40.266666666666666,149.1904761904762,150.74144736842106,56.79710144927536,148.38170347003154,230.88659793814432,1.3484848484848484,154.67241379310346,142.0,105.07407407407408,257.80610687022903,168.06302521008402,182.2581300813008,209.6492805755396,923.4848484848484,122.6,102.884900990099,75.0,66.7429022082019,105.46370967741936,895.9736842105264,46.39591836734694,407.9795597484277,111.86113989637306,182.9171861086376,138.14077669902912,179.33886010362696,293.70723684210526,196.6382978723404,177.46008531383302,232.56269113149847,288.87775551102203,73.14942528735632,66.0,13.451612903225806,104.51571428571428,298.93939393939394,153.7258064516129,58.10344827586207,2.6842105263157894,155.30940594059405,124.63187250996016,144.33381088825217,90.78346456692914,255.95796847635728,0.064516129032258,92.24203821656052,188.1752577319588,348.13675213675214,17.384615384615383,88.87708333333333
13:00,30.08823529411765,93.14285714285714,410.1798780487805,166.19540229885058,270.2857142857143,75.16666666666667,37.05882352941177,212.0,91.92738853503184,106.37482117310444,105.4076923076923,94.8846153846154,77.13333333333334,22.382978723404257,127.6421052631579,203.2073732718894,257.0,40.0,147.79219858156029,213.2455516014235,306.5,49.5,57.24949698189135,25.75,204.9308072487644,129.65656565656565,112.80536912751678,96.04761904761904,30.82075471698113,89.24651162790698,88.20304568527919,301.7741935483871,13.891891891891891,73.43357783211084,14.666666666666666,185.23809523809524,106.22057142857145,2.561224489795918,258.4965229485396,27.0,186.42560553633217,212.66666666666663,81.06355382619974,197.31837160751564,157.1705685618729,149.38888888888889,153.5482815057283,41.5,91.94957983193277,177.51636904761904,109.25874125874124,192.7076923076923,33.0,536.7846153846153,206.44074074074075,183.63841807909608,164.8678038379531,5.56,256.8089171974522,133.30357142857142,2.123438648052902,10.37839487335978,57.25471698113208,75.56,160.67722371967656,52.0,235.1696113074205,339.72727272727275,1.1973684210526316,126.08450704225352,73.0,59.85294117647059,287.6858006042296,199.10702341137124,178.52157598499062,218.00877192982452,973.8571428571428,76.75,103.27429274292744,31.0,116.69038461538462,162.3556701030928,730.5,43.25106382978724,422.1049562682216,110.60849909584088,200.56539735099335,174.36051502145924,187.5214552238806,258.4494680851064,263.5,151.87339166237777,234.64242424242423,295.55555555555554,83.66233766233766,45.0,12.23913043478261,106.86849315068493,256.17857142857144,188.47916666666663,70.55555555555556,5.419354838709677,177.4728813559322,133.33953112368633,153.21732745961822,140.06666666666666,262.7196110210697,0.0,127.85410334346504,188.0276679841897,274.8533333333333,37.4375,98.08083140877598
14:00,34.1025641025641,117.85714285714286,421.52962962962965,125.47872340425532,268.74603174603175,57.87096774193548,29.745098039215687,116.5,118.50764006791172,121.90353697749195,87.50625,83.94285714285714,95.54545454545456,21.58695652173913,102.45628415300548,199.608938547486,162.6,38.22222222222222,171.39894551845342,255.06632653061223,152.73333333333332,50.22413793103448,47.2898406374502,35.0,273.0508196721311,91.52777777777776,105.0896551724138,85.45454545454545,29.106382978723403,83.65865384615384,65.06214689265536,352.5238095238095,21.88571428571429,76.41389728096676,42.5,145.33444816053512,130.62420382165604,2.989247311827957,350.25192307692305,41.0,183.88,185.70482603815935,85.5375191424196,211.63373493975905,132.452296819788,326.84615384615387,150.29326047358833,220.0,155.41176470588235,192.0374531835206,114.24434389140272,274.7674418604651,36.81818181818182,422.4666666666666,251.39148936170213,167.19219219219218,165.8814371257485,4.666666666666667,421.4188034188034,130.63978494623657,2.940909090909091,12.234567901234568,192.42105263157896,59.93939393939394,174.47560975609755,61.84615384615385,171.99653979238755,173.97916666666666,1.875,134.36363636363637,139.0,101.0,292.91379310344826,225.9122448979592,202.79138321995464,255.63815789473685,684.2,129.5,122.67685589519652,43.333333333333336,133.7810945273632,100.99126637554583,822.5714285714286,54.51690821256039,458.6881028938907,103.59720837487538,189.4903225806452,300.05696202531647,212.654420206659,242.17662337662335,243.9189189189189,199.73196659073653,248.32323232323236,279.6035856573705,66.6125,47.44444444444444,12.555555555555555,103.7587786259542,144.77777777777777,106.97058823529412,51.04347826086956,7.766666666666667,181.67961165048544,154.87980241492866,142.69150521609538,125.58695652173913,257.3747747747748,0.4375,103.80286738351256,144.6234939759036,317.65811965811963,46.66666666666666,107.1058201058201
15:00,35.34782608695652,145.42857142857142,389.6308139534884,127.72727272727272,250.2721088435374,129.21428571428572,45.319148936170215,100.5,130.0,142.9274924471299,82.78488372093024,72.6788990825688,80.65,21.38888888888889,94.43576826196474,207.8823529411765,188.0,54.18181818181818,164.1677265500795,206.712,169.04545454545453,96.5,62.84051329055912,31.33333333333333,256.44428259286235,161.2871287128713,107.5241935483871,63.407407407407405,28.55555555555556,80.90972222222223,66.8695652173913,637.027027027027,28.08108108108108,87.99063475546306,53.0,136.61627906976744,120.73337950138504,1.44,280.34177215189874,51.0,227.875,166.52114060963618,89.91931540342298,156.78313253012047,145.64,215.4375,136.83068017366136,144.0,159.16167664670658,185.8697017268446,115.73986486486488,167.74074074074073,51.09090909090909,433.420895522388,212.06451612903223,124.84151785714286,142.40579710144928,3.4411764705882355,493.0827586206897,124.60591133004928,6.635880398671096,14.540970128802412,146.9059829059829,67.125,165.6530156366344,61.37078651685393,145.0453172205438,253.2555555555556,2.0,109.38571428571429,161.0,108.23333333333332,242.38839848675917,202.57931638913237,175.1852551984877,269.74271012006864,584.0,141.0,87.08804347826087,35.333333333333336,149.37081339712918,101.46456692913384,575.3035714285714,50.79047619047619,373.87152317880793,92.59295154185024,153.5915300546448,228.2822966507177,177.70061457418788,204.94796380090497,142.87301587301587,210.49927113702623,263.8131868131868,258.8525963149079,53.14159292035398,53.0,20.16949152542373,112.49447077409162,219.42857142857144,123.59210526315788,79.0,16.9,179.90074211502784,187.47837314396384,145.9805510534846,133.96929824561403,224.4189383070301,0.4285714285714285,87.60458452722062,169.07575757575756,269.7046979865772,37.95238095238095,100.51441241685144
16:00,103.94285714285714,461.5,438.4191616766467,253.021978021978,247.38663967611336,210.6551724137931,53.88235294117647,61.8,166.39786856127887,207.8280467445743,137.92857142857142,186.1711711711712,207.14285714285717,26.50537634408602,104.62988505747128,210.3913043478261,1946.0,96.46153846153848,202.02383053839364,249.7112970711297,207.54,217.32075471698116,81.49722735674676,48.75,292.99080622347947,282.3814432989691,151.35754189944134,63.95454545454545,29.726666666666667,98.3310580204778,73.03703703703704,679.65,34.95652173913044,143.6404958677686,69.66666666666667,146.2117962466488,150.6193745232647,1.8609271523178808,295.13675213675214,375.0,214.19444444444449,152.47893030794165,110.76689976689975,163.61429758935992,197.79591836734693,183.10526315789477,113.37358490566038,207.5,180.0909090909091,233.5,100.31012658227849,225.26041666666663,155.8,563.1730205278592,286.69026548672565,123.06706114398422,158.9758551307847,2.9,430.1988950276243,138.92488262910797,10.574845679012345,17.527433050293926,118.04511278195488,130.11111111111111,212.4468085106383,71.24752475247524,166.87962962962962,498.6559139784946,2.6853932584269664,125.91176470588236,386.0,197.3030303030303,286.0753086419753,244.0660550458716,173.5568,382.14688128772633,833.8837209302326,191.83333333333331,102.3108695652174,99.5,206.17962466487936,84.8386075949367,573.2903225806451,74.74384236453201,396.5664596273292,108.08601216333624,165.33399079552925,253.43961352657004,207.42752442996743,207.4575936883629,225.8,274.18411000763945,241.42417582417585,283.522480620155,68.60714285714286,60.75,48.32,169.48405253283303,366.9122807017544,306.69642857142856,249.6875,13.06896551724138,177.78362573099415,264.80838323353294,166.77560240963857,130.29032258064515,209.27946537059535,0.1428571428571428,88.67245657568238,460.05853658536586,253.63636363636363,68.04545454545455,123.07256235827664
17:00,100.33333333333331,1168.0,815.0985401459855,757.0875,452.79759036144577,521.78125,204.66666666666663,239.0,309.1804008908686,407.6177685950413,317.61290322580646,664.5132743362832,132.65,57.644444444444446,154.94278606965173,307.9626168224299,629.0,177.41176470588235,373.3255102040816,465.3240740740741,241.08163265306123,547.0,163.39339019189765,65.75,591.8545279383429,755.0588235294117,517.566210045662,155.14285714285714,77.12056737588652,223.63178294573643,90.87128712871286,597.3928571428571,61.0,304.7712933753943,156.0,181.48533333333333,303.95806745670006,2.4166666666666665,398.6928783382789,477.0,473.7969543147208,220.24872665534804,182.73358585858583,278.8056460369164,287.1368821292776,225.16666666666663,151.30250990752972,282.3333333333333,276.5762711864407,452.23225806451615,177.86610878661088,286.568,553.0,1317.2558139534883,391.515625,194.2768496420048,231.52549889135256,5.542857142857143,691.231884057971,295.63583815028903,9.277496839443742,16.852713178294575,156.75824175824175,312.6595744680851,417.1773347324239,214.9337748344371,226.12585034013603,1435.3367346938776,8.09009009009009,192.1447368421053,560.0,355.8965517241379,443.11624834874505,386.0371991247265,263.19814814814816,717.0252293577981,1385.111111111111,1937.0,182.93098958333331,284.0,388.8832335329341,118.40989399293288,895.5957446808511,151.78181818181818,513.1987341772152,168.88879310344828,221.90503875968992,327.0339805825243,461.2154006243496,315.9700374531835,663.5111111111111,566.1684919966301,323.3333333333333,453.05602716468593,224.1,45.04166666666666,165.46341463414635,331.0518018018018,1303.625,806.3829787234042,690.5555555555555,21.26086956521739,326.1909871244635,531.3591253153911,294.127868852459,163.09722222222223,353.074294205052,0.5789473684210527,132.31476997578693,1510.8688524590164,421.4382716049383,80.07407407407408,258.040625
18:00,103.0,374.0,906.2033898305084,751.765306122449,522.0266990291262,757.5294117647059,180.04651162790697,345.0,439.202216066482,633.5320855614973,326.25892857142856,543.4315789473684,157.23809523809524,58.49367088607595,157.69326683291771,457.42285714285714,159.33333333333334,97.88235294117646,616.875816993464,351.9966777408638,279.4318181818182,416.2619047619048,260.93607954545456,157.0,813.9139139139139,562.6722689075631,799.8970189701897,125.33333333333331,57.23423423423424,314.1928934010152,101.89375,771.8611111111111,109.06,469.17017208413,185.0,200.9129213483146,451.575,3.63855421686747,543.5437788018434,143.0,573.6730769230769,277.0731707317073,166.5,404.3884803921569,256.5061224489796,245.15,179.19310344827585,734.0,322.7932960893855,612.7336561743341,160.44489795918366,277.3454545454546,102.94736842105264,1681.1502145922748,470.77348066298345,230.59736842105264,357.20679886685554,5.764705882352941,814.4146341463414,358.19767441860466,7.835199004975125,13.819363222871996,229.5675675675676,298.84375,620.5750332005312,231.32298136645963,181.31880108991825,1146.1505376344087,16.03448275862069,296.95,523.0,256.60869565217394,560.3451086956521,457.8388473852721,338.3914728682171,868.1820388349514,1600.3953488372092,437.6,215.1729106628242,73.0,705.8461538461538,146.7689075630252,528.0439560439561,276.1042471042471,648.6595744680851,207.26263627353816,281.13728222996514,440.6502732240437,614.3961625282167,354.013671875,511.6382978723405,803.1425454545455,338.3827493261456,595.4467680608365,306.1940298507463,96.77777777777776,127.02941176470588,506.6867816091954,830.6470588235294,451.04545454545456,271.8888888888889,27.0,460.80641025641023,850.698382492864,433.9176245210728,174.77083333333334,425.7470588235294,0.1818181818181818,124.56222222222222,1707.716814159292,536.6513157894736,60.875,266.44336569579286
19:00,63.03703703703704,543.5,647.6704980842912,368.50943396226415,307.13084112149534,204.65714285714284,115.4375,72.5,213.04556354916068,328.39230769230767,152.37142857142857,210.7284768211921,76.9090909090909,34.04761904761905,102.08088235294116,323.3617021276596,366.0,30.928571428571427,349.5300480769231,256.8627450980392,195.9111111111111,226.0,114.06294706723892,46.66666666666666,473.7675996607295,262.6542056074766,405.2025723472669,56.609756097560975,30.920289855072465,162.14141414141417,57.67088607594937,404.10526315789474,66.76086956521739,225.1023765996344,312.0,116.80984340044743,275.1445663010967,2.923076923076923,405.9923312883436,121.0,380.7150537634408,217.0697435897436,89.63171036204744,306.7882513661202,127.07023411371236,105.28571428571428,114.51626016260164,497.0,154.4698275862069,306.982905982906,91.8540925266904,139.88,67.42857142857143,949.9230769230768,292.1813725490196,113.57080610021788,270.265923566879,2.6041666666666665,356.4761904761905,179.96059113300493,7.551409618573798,14.74174174174174,74.77981651376147,150.58695652173913,349.6928746928747,103.59444444444443,118.91978609625669,753.925925925926,9.857142857142858,164.4578313253012,164.0,125.29032258064515,391.8224299065421,342.7134570765661,250.2568093385214,487.66042780748666,1098.957446808511,446.0,151.03265940902023,40.5,452.5,106.33467741935485,644.2461538461539,114.04511278195488,473.5305105853051,128.46887550200802,220.9888558692422,249.5345622119816,352.5404530744337,265.254817987152,311.70212765957444,377.9105199516324,230.28445747800583,325.1749174917492,160.4909090909091,119.0,78.42857142857143,243.8564476885645,537.8846153846154,237.92,129.78571428571428,27.30434782608696,297.9210206561361,414.8400974025974,229.4171029668412,100.2190082644628,345.09954058192955,0.1379310344827586,87.9037037037037,775.1428571428571,359.9931506849315,55.95454545454545,148.9754601226994
20:00,61.82222222222222,482.0,298.85822784810125,116.68789808917198,198.6615720524017,119.0952380952381,39.929577464788736,53.0,105.17408123791104,169.4908350305499,72.3,178.13888888888889,82.55555555555556,10.78125,61.27455357142857,162.544061302682,58.333333333333336,15.580645161290322,189.99545454545452,145.3448275862069,174.8684210526316,95.61666666666666,63.46666666666667,57.66666666666666,249.1891891891892,142.21138211382114,177.83838383838383,50.0,21.506493506493506,85.3596837944664,31.818181818181817,244.02325581395348,20.984848484848484,93.57023643949933,130.0,92.9015317286652,134.90449826989618,2.55,269.7587168758717,63.0,170.16532258064515,124.41116279069767,42.962542565266745,192.32561132561133,95.5,131.5,67.49165596919127,29.5,112.45662100456622,126.8,69.65843621399176,58.31386861313869,15.454545454545457,650.6068965517242,174.4145299145299,83.08724832214764,127.15758293838864,2.0754716981132075,159.34177215189874,108.45933014354068,4.968827930174563,11.502704031465091,29.92436974789916,119.5,179.66698382492865,63.140776699029125,70.12189054726367,555.16,3.3434343434343434,114.33333333333331,249.0,63.42857142857143,286.1044776119403,236.4829931972789,144.0274914089347,215.21632653061224,1104.4444444444443,185.0,77.36585365853658,164.0,292.7396907216495,56.4071661237785,474.6279069767442,36.92391304347826,313.4074519230769,76.60837887067396,160.8937728937729,96.93928571428572,238.2647342995169,170.97708333333333,149.54237288135593,167.7723012842763,136.2135135135135,223.27361563517917,59.21621621621622,57.11111111111112,41.03225806451613,117.63070539419088,614.0,157.93617021276594,62.5625,42.095238095238095,170.28684470820968,187.15248041775456,119.05433186490455,48.818471337579616,228.4022617124394,0.0416666666666666,40.58979206049149,435.56666666666666,198.1369047619048,93.84615384615384,106.7470588235294
21:00,28.075,31.83333333333333,261.2715404699739,57.050561797752806,137.55911823647295,51.68571428571428,28.625,129.0,109.2266355140187,124.5297619047619,32.53793103448276,65.51818181818182,55.11111111111112,5.258823529411765,52.45642201834863,133.3754512635379,1.0,27.933333333333334,164.2219298245614,125.03284671532846,136.8,81.7560975609756,46.48888888888889,51.5,283.2629411764706,76.76576576576576,111.03482587064676,43.12,10.32484076433121,55.03703703703704,26.851190476190474,297.34375,22.467532467532468,63.02124833997344,31.0,99.42394014962592,120.6686950642326,1.7820512820512822,244.4604715672677,6.0,185.59134615384616,106.0238751147842,35.804545454545455,160.18780487804878,93.35069444444444,70.53846153846153,50.34960272417708,0.0,127.83490566037736,102.96969696969695,47.70169491525424,64.37984496124031,0.0,447.36011904761904,162.62704918032787,53.45067698259188,98.48637316561845,1.471698113207547,235.57142857142856,101.71511627906976,3.0188248716486026,11.570330843116327,25.557692307692307,48.47222222222222,170.99689762150982,54.77209302325581,60.49856733524355,263.8831168831169,1.325,94.29577464788731,169.0,46.18918918918919,221.4684898929845,183.52043868394816,107.31530139103556,199.50580046403712,730.84,335.0,49.0479375696767,20.0,289.5924932975871,48.17283950617284,633.796875,21.471744471744472,253.08418657565412,55.36024305555556,125.8919631093544,94.23529411764706,227.34083601286173,133.6432865731463,126.10909090909092,191.6904958677686,116.41032608695652,168.23111111111112,48.31818181818182,48.5,29.75,91.93713163064832,303.62068965517244,87.29126213592232,66.16666666666667,20.703703703703702,133.4381694255112,181.384661117717,95.62857142857143,41.51417004048583,188.26917057902972,0.15625,28.21527777777778,392.24615384615385,161.09230769230768,79.66666666666667,85.33040935672514
22:00,17.037037037037038,29.0,161.9035532994924,60.47154471544715,109.2829373650108,16.232142857142858,9.178571428571429,72.0,97.78235294117648,84.33928571428571,22.70063694267516,33.86915887850467,66.0,4.53932584269663,37.320093457943926,105.12903225806453,0.0,33.05882352941177,160.53855569155448,88.9802371541502,61.46428571428572,25.06779661016949,34.858126721763085,92.0,227.480659025788,35.0546875,86.99439775910363,18.944444444444443,6.907407407407407,42.62672811059908,18.919254658385093,98.07317073170732,16.066037735849058,59.33025830258303,12.0,84.57236842105263,123.60865874363328,1.11340206185567,172.24202898550723,1.0,156.93125,75.89032258064516,22.180291153415453,111.72563176895306,59.03214285714286,83.33333333333333,35.57666666666667,0.0,309.7837837837838,72.60815047021944,24.34193548387097,40.53968253968254,0.0,297.6896551724138,133.09459459459458,32.9825918762089,67.0609080841639,1.5714285714285714,134.85401459854015,66.22535211267606,3.134635691657867,11.83662408052652,12.034782608695652,16.694444444444443,110.47187141216992,34.9119170984456,32.64655172413793,102.3578947368421,0.3902439024390244,43.977777777777774,141.0,30.194444444444443,167.58056580565807,115.63864734299516,74.76979472140762,141.78195488721803,443.64516129032256,23.5,37.84080717488789,12.5,261.37906137184115,32.82535211267606,878.2380952380952,22.29096989966555,146.13710554951032,36.39521452145215,80.13704630788486,93.73059360730592,126.01153039832283,90.5514563106796,104.34482758620688,157.25638599810785,76.53766233766234,106.84074605451936,39.375,136.5,7.390243902439025,66.68903803131991,103.7,100.45901639344262,51.44444444444444,16.736842105263158,107.00745473908414,169.9796557120501,76.14490445859873,36.238297872340425,122.0962962962963,0.0714285714285714,18.154213036565977,302.9347826086956,135.83091787439614,36.142857142857146,54.622699386503065
23:00,4.583333333333333,12.0,65.09647058823529,15.945,50.77309236947792,7.15686274509804,1.0,20.0,39.93055555555556,29.291417165668665,8.452554744525548,7.642857142857143,29.11111111111111,1.553191489361702,18.451776649746197,48.77272727272727,0.0,14.818181818181818,62.84566596194503,36.51449275362319,16.524590163934427,8.27710843373494,14.883098591549295,10.5,71.94357541899441,20.47663551401869,32.09879518072289,5.51063829787234,2.432558139534884,17.4822695035461,6.2631578947368425,24.65909090909091,5.811965811965812,23.464646464646464,2.0,36.14191419141914,56.65444617784711,0.2575757575757575,75.44586894586895,0.0,73.39873417721519,33.834500875656744,12.040476190476191,54.418952618453865,23.69032258064516,18.294117647058822,18.97377049180328,0.0,78.22926829268293,29.5,13.910394265232975,21.526785714285715,0.0,125.30259365994236,40.02583025830258,14.706692913385826,29.62962962962963,0.8867924528301887,33.622754491017965,40.04705882352941,2.4214734437464305,4.6924521216672925,3.485074626865672,2.4693877551020407,42.35143442622951,13.981308411214954,13.308988764044944,22.581818181818186,0.0657894736842105,22.180722891566266,10.0,13.645833333333334,86.15260545905707,52.74302788844621,37.923202614379086,45.3882863340564,232.68852459016392,3.4,19.48834745762712,3.0,82.52777777777777,17.33226837060703,219.53846153846155,6.872235872235872,60.08639308855292,18.27455919395466,41.14396384764364,35.75812274368231,51.57966101694915,40.34765625,58.13953488372093,58.49023784167554,38.073170731707314,47.863945578231295,16.102941176470587,5.0,2.813953488372093,23.189655172413797,32.945454545454545,36.37735849056604,6.857142857142857,11.923076923076923,51.31846473029046,57.30412662521199,36.85238095238096,16.972727272727273,56.9,0.0625,9.199612403100776,88.68571428571428,52.790513833992094,7.272727272727272,21.82901554404145
